{"parameters/graph_2out_layer.bias":{"_type":"histogram","values":[1,0,0,0,0,0,0,0,0,0,0,0,0,0,0,0,0,0,0,0,0,0,0,0,0,0,0,0,0,0,0,0,0,0,0,0,0,0,0,0,0,0,0,0,0,0,0,0,0,0,0,0,0,0,0,0,0,0,0,0,0,0,0,1],"bins":[-0.05945223197340965,-0.0575983002781868,-0.05574437230825424,-0.05389044061303139,-0.05203650891780853,-0.05018258094787598,-0.04832864925265312,-0.04647471755743027,-0.04462078958749771,-0.04276685789227486,-0.040912926197052,-0.039058998227119446,-0.03720506653189659,-0.03535113483667374,-0.03349720686674118,-0.03164327144622803,-0.02978934347629547,-0.027935411781072617,-0.02608148381114006,-0.024227552115917206,-0.02237362042069435,-0.020519692450761795,-0.01866576075553894,-0.016811829060316086,-0.01495790109038353,-0.013103969395160675,-0.01125003769993782,-0.009396106004714966,-0.00754217803478241,-0.005688246339559555,-0.0038343146443367004,-0.0019803866744041443,-0.00012645497918128967,0.001727476716041565,0.003581404685974121,0.005435336381196976,0.00728926807641983,0.009143196046352386,0.010997127741575241,0.012851059436798096,0.01470499113202095,0.016558919101953506,0.01841285079717636,0.020266782492399216,0.022120710462331772,0.023974642157554626,0.02582857385277748,0.027682501822710037,0.029536433517932892,0.03139036148786545,0.0332442969083786,0.03509822487831116,0.03695215657353401,0.038806088268756866,0.04066001623868942,0.04251394793391228,0.04436787962913513,0.04622180759906769,0.04807573929429054,0.0499296709895134,0.05178359895944595,0.05363753065466881,0.05549146234989166,0.05734539031982422,0.05919932201504707]},"_step":29,"val_loss":0.18188250692267166,"gradients/graph_2conv_relu_pool.0.bias":{"bins":[-0.3597480058670044,-0.35281136631965637,-0.34587475657463074,-0.3389381170272827,-0.3320015072822571,-0.32506486773490906,-0.31812822818756104,-0.3111916184425354,-0.3042549788951874,-0.29731836915016174,-0.2903817296028137,-0.2834451198577881,-0.27650848031044006,-0.26957184076309204,-0.2626352310180664,-0.2556985914707184,-0.24876198172569275,-0.24182534217834473,-0.2348887175321579,-0.22795209288597107,-0.22101546823978424,-0.2140788435935974,-0.20714221894741058,-0.20020557940006256,-0.19326895475387573,-0.1863323301076889,-0.17939570546150208,-0.17245908081531525,-0.16552245616912842,-0.1585858166217804,-0.15164919197559357,-0.14471256732940674,-0.1377759426832199,-0.13083931803703308,-0.12390269339084625,-0.11696606874465942,-0.1100294291973114,-0.10309280455112457,-0.09615617990493774,-0.08921955525875092,-0.08228293061256409,-0.07534630596637726,-0.06840966641902924,-0.06147304177284241,-0.05453641712665558,-0.04759979248046875,-0.04066316783428192,-0.033726535737514496,-0.026789911091327667,-0.01985328644514084,-0.012916654348373413,-0.0059800297021865845,0.0009565949440002441,0.00789322704076767,0.014829851686954498,0.021766476333141327,0.028703104704618454,0.03563973307609558,0.04257635772228241,0.04951298609375954,0.056449614465236664,0.06338623911142349,0.07032286375761032,0.07725949585437775,0.08419612050056458],"_type":"histogram","values":[1,0,0,0,0,0,0,0,0,0,0,0,0,0,0,0,0,0,0,0,0,0,0,0,0,0,0,0,1,0,0,0,0,0,0,0,0,0,0,0,1,2,1,0,0,0,0,0,0,1,1,3,0,1,0,1,0,0,0,1,0,0,0,2]},"parameters/graph_2conv_relu_pool.3.bias":{"bins":[-0.10040075331926346,-0.09765331447124481,-0.09490587562322617,-0.09215843677520752,-0.08941099047660828,-0.08666355162858963,-0.08391611278057098,-0.08116867393255234,-0.07842123508453369,-0.07567378878593445,-0.0729263499379158,-0.07017891108989716,-0.06743147224187851,-0.06468403339385986,-0.06193659082055092,-0.059189148247241974,-0.05644170939922333,-0.05369427055120468,-0.05094682797789574,-0.04819938912987709,-0.045451946556568146,-0.0427045077085495,-0.03995706886053085,-0.03720963001251221,-0.03446219116449356,-0.03171474486589432,-0.02896730601787567,-0.026219867169857025,-0.02347242832183838,-0.020724989473819733,-0.01797754317522049,-0.015230104327201843,-0.012482672929763794,-0.009735234081745148,-0.0069877952337265015,-0.004240348935127258,-0.001492910087108612,0.0012545287609100342,0.00400196760892868,0.006749406456947327,0.00949685275554657,0.012244291603565216,0.014991730451583862,0.01773916929960251,0.020486608147621155,0.0232340507209301,0.025981489568948746,0.02872893214225769,0.03147637099027634,0.03422380983829498,0.03697125241160393,0.039718691259622574,0.04246613383293152,0.045213572680950165,0.04796101152896881,0.05070845037698746,0.0534558929502964,0.05620333552360535,0.05895077437162399,0.06169821321964264,0.06444565206766129,0.06719309091567993,0.06994053721427917,0.07268797606229782,0.07543541491031647],"_type":"histogram","values":[1,1,1,0,0,0,2,0,0,0,0,0,0,0,0,1,2,0,1,0,0,1,2,0,0,1,0,0,1,0,0,1,1,0,1,1,0,0,1,3,0,1,0,0,1,1,0,1,1,0,0,1,1,0,0,0,0,1,0,0,1,0,0,1]},"gradients/graph_2out_layer.bias":{"values":[1,0,0,0,0,0,0,0,0,0,0,0,0,0,0,0,0,0,0,0,0,0,0,0,0,0,0,0,0,0,0,0,0,0,0,0,0,0,0,0,0,0,0,0,0,0,0,0,0,0,0,0,0,0,0,0,0,0,0,0,0,0,0,1],"bins":[-0.036458734422922134,-0.03531939908862114,-0.034180063754320145,-0.03304072842001915,-0.031901393085718155,-0.03076205588877201,-0.029622720554471016,-0.028483383357524872,-0.027344048023223877,-0.026204712688922882,-0.025065377354621887,-0.023926042020320892,-0.022786706686019897,-0.021647371351718903,-0.02050803415477276,-0.019368698820471764,-0.01822936348617077,-0.017090028151869774,-0.01595069281756878,-0.014811355620622635,-0.01367202028632164,-0.012532684952020645,-0.01139334961771965,-0.010254014283418655,-0.00911467894911766,-0.007975341752171516,-0.0068360064178705215,-0.005696671083569527,-0.004557333886623383,-0.0034179985523223877,-0.002278663218021393,-0.001139327883720398,7.450580596923828e-09,0.0011393427848815918,0.0022786781191825867,0.0034180134534835815,0.004557348787784576,0.0056966859847307205,0.006836021319031715,0.00797535665333271,0.009114693850278854,0.01025402918457985,0.011393364518880844,0.012532699853181839,0.013672035187482834,0.014811370521783829,0.015950707718729973,0.017090043053030968,0.018229378387331963,0.019368713721632957,0.020508049055933952,0.021647386252880096,0.02278672158718109,0.023926056921482086,0.02506539225578308,0.026204727590084076,0.02734406292438507,0.028483398258686066,0.02962273545563221,0.030762070789933205,0.03190140798687935,0.033040743321180344,0.03418007865548134,0.03531941398978233,0.03645874932408333],"_type":"histogram"},"parameters/graph_2conv_relu_pool.3.weight":{"bins":[-0.5474145412445068,-0.5336340665817261,-0.5198535323143005,-0.5060730576515198,-0.49229252338409424,-0.4785120487213135,-0.4647315442562103,-0.4509510397911072,-0.43717053532600403,-0.4233900308609009,-0.40960952639579773,-0.3958290219306946,-0.3820485472679138,-0.3682680130004883,-0.3544875383377075,-0.34070703387260437,-0.3269265294075012,-0.31314602494239807,-0.2993655204772949,-0.2855850160121918,-0.2718045115470886,-0.25802403688430786,-0.2442435324192047,-0.23046302795410156,-0.2166825234889984,-0.20290201902389526,-0.18912151455879211,-0.17534101009368896,-0.1615605354309082,-0.14778003096580505,-0.1339995265007019,-0.12021902203559875,-0.1064385175704956,-0.09265801310539246,-0.0788775086402893,-0.06509700417518616,-0.05131649971008301,-0.037536025047302246,-0.023755520582199097,-0.009975016117095947,0.003805488348007202,0.01758599281311035,0.0313664972782135,0.04514700174331665,0.05892747640609741,0.07270798087120056,0.08648848533630371,0.10026898980140686,0.11404949426651001,0.12782999873161316,0.1416105031967163,0.15539099276065826,0.1691714972257614,0.18295200169086456,0.19673249125480652,0.21051299571990967,0.22429350018501282,0.23807400465011597,0.2518545091152191,0.26563501358032227,0.279415488243103,0.2931959927082062,0.3069764971733093,0.3207570016384125,0.3345375061035156],"_type":"histogram","values":[1,0,0,0,0,0,1,1,1,0,0,1,1,2,1,3,0,2,2,0,4,6,4,8,11,8,23,14,23,34,48,81,145,268,330,319,342,349,378,313,320,339,330,286,235,115,56,45,23,27,20,22,10,14,13,6,5,6,3,4,1,1,1,2]},"_timestamp":1.7306010607726882e+09,"_wandb":{"runtime":1349},