{"gradients/graph_1conv_relu_pool.0.weight":{"values":[2,1,1,0,2,0,1,1,1,0,0,0,0,0,0,0,0,0,0,0,0,0,0,0,0,0,0,0,0,0,0,0,0,0,0,0,0,0,0,0,0,0,0,0,0,0,0,0,0,0,0,0,0,3,4,17,55,28,0,12,10,0,0,6],"bins":[-2.0732483863830566,-2.0363285541534424,-1.9994086027145386,-1.9624887704849243,-1.9255688190460205,-1.8886489868164062,-1.8517290353775024,-1.8148092031478882,-1.7778892517089844,-1.7409694194793701,-1.7040495872497559,-1.667129635810852,-1.6302098035812378,-1.593289852142334,-1.5563700199127197,-1.5194501876831055,-1.4825302362442017,-1.4456102848052979,-1.4086904525756836,-1.3717706203460693,-1.3348506689071655,-1.2979308366775513,-1.2610108852386475,-1.2240910530090332,-1.187171220779419,-1.1502512693405151,-1.1133313179016113,-1.076411485671997,-1.0394916534423828,-1.002571702003479,-0.9656518697738647,-0.9287319183349609,-0.8918120265007019,-0.8548921942710876,-0.8179722428321838,-0.7810524106025696,-0.7441324591636658,-0.7072126269340515,-0.6702927350997925,-0.6333728432655334,-0.5964529514312744,-0.5595330595970154,-0.5226131677627563,-0.4856932759284973,-0.44877344369888306,-0.411853551864624,-0.374933660030365,-0.33801376819610596,-0.3010938763618469,-0.2641739845275879,-0.22725409269332886,-0.1903342306613922,-0.15341433882713318,-0.11649444699287415,-0.0795745849609375,-0.04265469312667847,-0.005734801292419434,0.0311850905418396,0.06810496747493744,0.10502484440803528,0.1419447362422943,0.17886462807655334,0.21578450500965118,0.252704381942749,0.28962427377700806],"_type":"histogram"},"parameters/graph_1conv_relu_pool.0.bias":{"_type":"histogram","values":[1,0,0,0,0,0,0,0,0,0,0,1,0,0,0,0,1,0,0,0,0,0,0,0,0,0,0,0,1,1,0,0,0,0,1,1,0,0,1,0,0,0,1,0,0,1,0,0,1,0,0,0,1,0,2,0,0,1,0,0,0,0,0,1],"bins":[-0.3137427270412445,-0.30542123317718506,-0.2970997393131256,-0.28877824544906616,-0.2804567515850067,-0.27213525772094727,-0.2638137638568878,-0.25549226999282837,-0.24717077612876892,-0.23884928226470947,-0.23052778840065002,-0.22220629453659058,-0.21388480067253113,-0.20556330680847168,-0.19724181294441223,-0.18892031908035278,-0.18059882521629333,-0.1722773313522339,-0.16395583748817444,-0.155634343624115,-0.14731284976005554,-0.1389913558959961,-0.13066986203193665,-0.1223483681678772,-0.11402687430381775,-0.1057053804397583,-0.09738388657569885,-0.0890623927116394,-0.08074089884757996,-0.07241940498352051,-0.06409791111946106,-0.05577641725540161,-0.047454893589019775,-0.03913339972496033,-0.03081190586090088,-0.02249041199684143,-0.014168918132781982,-0.005847424268722534,0.002474069595336914,0.010795563459396362,0.01911705732345581,0.02743855118751526,0.03576004505157471,0.044081538915634155,0.052403032779693604,0.06072452664375305,0.0690460205078125,0.07736751437187195,0.0856890082359314,0.09401050209999084,0.10233199596405029,0.11065348982810974,0.11897498369216919,0.12729647755622864,0.13561797142028809,0.14393946528434753,0.15226095914840698,0.16058245301246643,0.16890394687652588,0.17722544074058533,0.18554693460464478,0.19386842846870422,0.20218992233276367,0.21051141619682312,0.21883291006088257]},"train_loss":0.07912776193448476,"gradients/graph_1out_layer.weight":{"_type":"histogram","values":[1,2,2,1,0,1,0,0,2,6,14,17,14,12,19,30,50,62,124,195,644,1079,1187,1397,1701,1912,2169,2949,4505,7387,15288,83971,358777,15288,7387,4504,2950,2169,1912,1701,1397,1187,1079,644,195,124,62,50,30,19,12,14,17,14,6,2,0,0,1,0,1,2,2,1],"bins":[-0.038612231612205505,-0.037405598908662796,-0.03619896620512009,-0.03499233350157738,-0.03378570079803467,-0.03257907181978226,-0.03137243911623955,-0.03016580641269684,-0.02895917370915413,-0.02775254100561142,-0.02654590830206871,-0.02533927746117115,-0.02413264475762844,-0.02292601205408573,-0.02171938121318817,-0.020512748509645462,-0.019306115806102753,-0.018099483102560043,-0.016892850399017334,-0.015686219558119774,-0.014479586854577065,-0.013272954151034355,-0.012066323310136795,-0.010859690606594086,-0.009653057903051376,-0.008446425199508667,-0.007239792495965958,-0.006033159792423248,-0.004826530814170837,-0.003619898110628128,-0.0024132654070854187,-0.0012066327035427094,0,0.0012066327035427094,0.0024132654070854187,0.003619898110628128,0.004826530814170837,0.006033159792423248,0.007239792495965958,0.008446425199508667,0.009653057903051376,0.010859690606594086,0.012066323310136795,0.013272954151034355,0.014479586854577065,0.015686219558119774,0.016892850399017334,0.018099483102560043,0.019306115806102753,0.020512748509645462,0.02171938121318817,0.02292601205408573,0.02413264475762844,0.02533927746117115,0.02654590830206871,0.02775254100561142,0.02895917370915413,0.03016580641269684,0.03137243911623955,0.03257907181978226,0.03378570079803467,0.03499233350157738,0.03619896620512009,0.037405598908662796,0.038612231612205505]},"val_loss":0.20367491755046344,"_runtime":1406.8573415,"parameters/graph_1out_layer.weight":{"values":[2,0,1,0,1,1,2,7,7,20,32,45,73,74,122,160,204,303,410,557,806,1123,1599,2176,2885,3797,5203,6811,9688,14794,27669,186781,180746,27454,14722,9650,6815,5180,3790,2893,2177,1588,1094,803,563,411,302,195,170,114,77,74,45,30,21,7,7,2,1,1,0,1,0,2],"bins":[-0.4860163629055023,-0.47082623839378357,-0.4556361436843872,-0.44044601917266846,-0.4252558946609497,-0.41006577014923096,-0.3948756754398346,-0.37968555092811584,-0.3644954562187195,-0.34930533170700073,-0.334115207195282,-0.31892508268356323,-0.30373498797416687,-0.2885448634624481,-0.27335476875305176,-0.258164644241333,-0.24297451972961426,-0.2277843952178955,-0.21259430050849915,-0.1974041759967804,-0.18221405148506165,-0.16702395677566528,-0.15183383226394653,-0.13664370775222778,-0.12145361304283142,-0.10626348853111267,-0.09107336401939392,-0.07588323950767517,-0.06069314479827881,-0.04550302028656006,-0.03031289577484131,-0.015122801065444946,6.729364395141602e-05,0.015257418155670166,0.03044751286506653,0.04563763737678528,0.06082776188850403,0.07601785659790039,0.09120798110961914,0.10639810562133789,0.12158823013305664,0.136778324842453,0.15196844935417175,0.1671585738658905,0.18234866857528687,0.19753879308700562,0.21272891759872437,0.22791901230812073,0.24310913681983948,0.25829923152923584,0.2734893560409546,0.28867948055267334,0.3038696050643921,0.31905972957611084,0.3342498242855072,0.34943994879722595,0.3646300435066223,0.37982016801834106,0.3950102925300598,0.41020041704177856,0.4253905117511749,0.4405806362628937,0.4557707607746124,0.4709608554840088,0.48615097999572754],"_type":"histogram"},"val_accuracy":92.4342105263158,"parameters/graph_1conv_relu_pool.0.weight":{"_type":"histogram","values":[2,1,1,0,0,3,3,7,4,4,2,2,3,2,3,0,3,2,1,5,2,1,1,2,6,0,3,3,4,2,3,3,3,1,2,3,1,3,5,2,0,2,5,3,3,3,4,2,6,3,1,3,0,1,1,1,1,1,2,1,1,0,0,2],