{"parameters/out_layer.weight":{"values":[3,3,0,1,1,0,2,5,3,3,6,6,13,6,11,21,20,31,33,60,82,118,178,236,378,628,1086,2169,3738,4702,7859,16309,11889,5058,4341,2847,1433,789,484,277,219,135,85,74,50,25,24,21,22,7,7,9,4,5,3,5,3,1,1,0,1,2,2,2],"bins":[-0.21551774442195892,-0.20872293412685394,-0.20192810893058777,-0.1951332986354828,-0.1883384734392166,-0.18154366314411163,-0.17474883794784546,-0.16795402765274048,-0.1611592024564743,-0.15436439216136932,-0.14756956696510315,-0.14077475666999817,-0.1339799463748932,-0.12718512117862701,-0.12039030343294144,-0.11359548568725586,-0.10680066794157028,-0.1000058501958847,-0.09321103245019913,-0.08641621470451355,-0.07962140440940857,-0.0728265792131424,-0.06603176891803741,-0.05923694372177124,-0.05244213342666626,-0.045647308230400085,-0.038852497935295105,-0.03205767273902893,-0.02526286244392395,-0.018468037247657776,-0.011673226952552795,-0.004878401756286621,0.0019164085388183594,0.00871121883392334,0.015506044030189514,0.022300854325294495,0.02909567952156067,0.03589048981666565,0.042685315012931824,0.049480125308036804,0.05627495050430298,0.06306976079940796,0.06986458599567413,0.07665939629077911,0.08345422148704529,0.09024903178215027,0.09704384952783585,0.10383866727352142,0.110633485019207,0.11742830276489258,0.12422312051057816,0.13101793825626373,0.1378127634525299,0.1446075737476349,0.15140238404273987,0.15819720923900604,0.16499201953411102,0.1717868447303772,0.17858165502548218,0.18537648022174835,0.19217129051685333,0.1989661157131195,0.2057609260082245,0.21255575120449066,0.21935056149959564],"_type":"histogram"},"_timestamp":1.7297238930669622e+09,"train_loss":0.12697609302391405,"parameters/out_layer.bias":{"_type":"histogram","values":[1,0,0,0,0,0,0,0,0,0,0,0,0,0,0,0,0,0,0,0,0,0,0,0,0,0,0,0,0,0,0,0,0,0,0,0,0,0,0,0,0,0,0,0,0,0,0,0,0,0,0,0,0,0,0,0,0,0,0,0,0,0,0,1],"bins":[-0.023568045347929,-0.022769851610064507,-0.02197165973484516,-0.021173465996980667,-0.020375274121761322,-0.019577080383896828,-0.018778886646032333,-0.01798069477081299,-0.017182501032948494,-0.016384307295084,-0.015586115419864655,-0.01478792168200016,-0.01398972887545824,-0.01319153606891632,-0.012393342331051826,-0.011595149524509907,-0.010796956717967987,-0.009998763911426067,-0.009200571104884148,-0.008402377367019653,-0.007604185491800308,-0.006805991753935814,-0.00600779801607132,-0.0052096061408519745,-0.00441141240298748,-0.003613218665122986,-0.0028150267899036407,-0.0020168330520391464,-0.001218639314174652,-0.000420447438955307,0.0003777462989091873,0.0011759381741285324,0.0019741300493478775,0.002772323787212372,0.003570515662431717,0.004368709400296211,0.005166901275515556,0.005965095013380051,0.006763288751244545,0.00756148062646389,0.008359674364328384,0.009157868102192879,0.009956059977412224,0.010754253715276718,0.011552447453141212,0.012350639328360558,0.013148833066225052,0.013947025872766972,0.014745218679308891,0.015543411485850811,0.01634160429239273,0.017139798030257225,0.01793799176812172,0.018736183643341064,0.01953437738120556,0.020332571119070053,0.021130762994289398,0.021928954869508743,0.022727148607373238,0.023525342345237732,0.024323534220457077,0.02512172795832157,0.025919921696186066,0.02671811357140541,0.027516307309269905]},"train_accuracy":95.64200680272108,"gradients/conv_relu_pool_stack.0.bias":{"values":[1,1,0,0,0,0,0,1,0,0,0,0,0,0,0,0,0,0,0,1,0,1,0,0,1,0,1,1,1,0,1,0,0,0,1,0,0,0,0,0,0,0,0,0,0,0,1,0,1,0,0,0,0,1,0,0,0,0,1,0,0,0,0,1],"bins":[-0.3135928511619568,-0.30359694361686707,-0.29360106587409973,-0.28360515832901,-0.2736092507839203,-0.26361337304115295,-0.25361746549606323,-0.2436215728521347,-0.23362568020820618,-0.22362977266311646,-0.21363388001918793,-0.2036379873752594,-0.19364207983016968,-0.18364618718624115,-0.17365029454231262,-0.1636543869972229,-0.15365849435329437,-0.14366260170936584,-0.13366669416427612,-0.1236708015203476,-0.11367490887641907,-0.10367900133132935,-0.09368310868740082,-0.08368721604347229,-0.07369130849838257,-0.06369541585445404,-0.05369952321052551,-0.04370361566543579,-0.03370773792266846,-0.023711830377578735,-0.013715922832489014,-0.0037200450897216797,0.006275862455368042,0.016271770000457764,0.026267647743225098,0.03626355528831482,0.04625946283340454,0.056255340576171875,0.0662512481212616,0.07624714076519012,0.08624303340911865,0.09623894095420837,0.1062348335981369,0.11623072624206543,0.12622663378715515,0.13622252643108368,0.1462184190750122,0.15621432662010193,0.16621021926403046,0.17620611190795898,0.1862020194530487,0.19619791209697723,0.20619380474090576,0.21618971228599548,0.226185604929924,0.23618149757385254,0.24617740511894226,0.256173312664032,0.2661691904067993,0.27616509795188904,0.28616097569465637,0.2961568832397461,0.3061527907848358,0.31614866852760315,0.32614457607269287],"_type":"histogram"},"parameters/conv_relu_pool_stack.3.bias":{"_type":"histogram","values":[1,0,0,0,0,0,0,1,0,0,0,0,0,0,0,0,1,0,0,0,0,0,1,0,0,0,0,0,0,0,1,0,0,0,0,0,0,0,0,0,0,0,0,0,1,0,0,0,0,1,0,0,0,0,0,0,0,0,0,0,0,0,0,1],"bins":[-0.09667247533798218,-0.09381067007780075,-0.09094885736703873,-0.0880870521068573,-0.08522524684667587,-0.08236344158649445,-0.07950162887573242,-0.076639823615551,-0.07377801835536957,-0.07091620564460754,-0.06805440038442612,-0.06519259512424469,-0.062330782413482666,-0.05946897715330124,-0.056607168167829514,-0.05374536290764809,-0.05088355392217636,-0.048021744936704636,-0.04515993967652321,-0.04229813069105148,-0.039436325430870056,-0.03657451644539833,-0.033712707459926605,-0.030850902199745178,-0.027989089488983154,-0.025127284228801727,-0.0222654789686203,-0.019403673708438873,-0.01654186099767685,-0.013680055737495422,-0.010818250477313995,-0.007956437766551971,-0.0050946250557899475,-0.0022328197956085205,0.0006289929151535034,0.0034907981753349304,0.006352603435516357,0.009214416146278381,0.012076221406459808,0.014938026666641235,0.017799831926822662,0.020661644637584686,0.023523449897766113,0.02638525888323784,0.029247067868709564,0.03210887312889099,0.03497068211436272,0.037832487374544144,0.04069429636001587,0.043556105345487595,0.04641791060566902,0.04927971959114075,0.052141524851322174,0.0550033338367939,0.057865142822265625,0.06072694808244705,0.06358875334262848,0.0664505660533905,0.06931237131357193,0.07217417657375336,0.07503598928451538,0.07789779454469681,0.08075959980487823,0.08362141251564026,0.08648321777582169]},"parameters/conv_relu_pool_stack.0.weight":{"values":[1,1,0,0,0,0,2,3,4,1,3,1,4,0,6,2,1,4,4,2,2,3,2,3,2,6,2,2,0,2,0,3,6,4,1,1,5,5,4,0,1,2,2,6,4,4,2,1,3,0,0,1,5,2,2,5,4,3,1,0,1,2,0,1],"bins":[-0.4164067804813385,-0.4039035737514496,-0.39140036702156067,-0.37889713048934937,-0.36639392375946045,-0.35389071702957153,-0.3413875102996826,-0.3288843035697937,-0.3163810968399048,-0.3038778603076935,-0.29137465357780457,-0.27887144684791565,-0.26636824011802673,-0.25386500358581543,-0.2413618117570877,-0.2288585901260376,-0.21635538339614868,-0.20385217666625977,-0.19134895503520966,-0.17884574830532074,-0.16634252667427063,-0.1538393199443817,-0.1413361132144928,-0.12883290648460388,-0.11632969975471497,-0.10382646322250366,-0.09132325649261475,-0.07882004976272583,-0.06631684303283691,-0.053813636302948,-0.041310399770736694,-0.02880719304084778,-0.016303956508636475,-0.0038007497787475586,0.008702456951141357,0.02120569348335266,0.03370890021324158,0.04621210694313049,0.05871531367301941,0.07121852040290833,0.08372175693511963,0.09622496366500854,0.10872817039489746,0.12123137712478638,0.1337345838546753,0.1462378054857254,0.15874101221561432,0.17124423384666443,0.18374744057655334,0.19625064730644226,0.20875386893749237,0.2212570756673813,0.2337602972984314,0.2462635040283203,0.25876671075820923,0.27126991748809814,0.28377312421798706,0.29627636075019836,0.3087795674800873,0.3212827742099762,0.3337859809398651,0.3462892174720764,0.35879242420196533,0.37129563093185425,0.38379883766174316],"_type":"histogram"},"_step":9,