{"val_class_accuracy_PNEUMONIA":95.56962025316456,"_step":9,"_timestamp":1.7309267959520912e+09,"val_class_accuracy_NORMAL":91.77215189873418,"val_loss":0.3251613976457451,"epoch":10,"train_accuracy":93.08846761453397,"val_accuracy":93.67088607594937,"train_class_accuracy_PNEUMONIA":93.79852331298731,"_wandb":{"runtime":283},"train_class_accuracy_NORMAL":92.99357049898843,"_runtime":283.4950471,"train_loss":0.2763432026656836}