{"parameters/conv_relu_pool.3.weight":{"_type":"histogram","values":[1,0,0,1,1,2,1,5,7,6,12,24,39,113,118,130,119,149,140,135,140,151,140,143,126,154,147,144,141,143,147,132,134,140,149,146,141,145,125,168,135,127,126,145,95,50,23,14,5,7,2,7,0,5,1,0,3,1,2,0,0,0,0,1],"bins":[-0.1588154137134552,-0.1535864770412445,-0.1483575403690338,-0.14312860369682312,-0.13789968192577362,-0.13267074525356293,-0.12744180858135223,-0.12221287190914154,-0.11698394268751144,-0.11175501346588135,-0.10652607679367065,-0.10129714012145996,-0.09606820344924927,-0.09083927422761917,-0.08561033755540848,-0.08038140833377838,-0.07515247166156769,-0.069923534989357,-0.0646946057677269,-0.059465669095516205,-0.05423673987388611,-0.049007803201675415,-0.04377886652946472,-0.038549937307834625,-0.033320993185043335,-0.028092071413993835,-0.022863134741783142,-0.01763419806957245,-0.012405261397361755,-0.007176324725151062,-0.0019474029541015625,0.003281533718109131,0.008510485291481018,0.013739421963691711,0.018968358635902405,0.024197280406951904,0.029426217079162598,0.03465515375137329,0.039884090423583984,0.04511302709579468,0.05034194886684418,0.05557089298963547,0.060799822211265564,0.06602875888347626,0.07125769555568695,0.07648662477731705,0.08171556144952774,0.08694449067115784,0.09217342734336853,0.09740236401557922,0.10263129323720932,0.10786022990942001,0.11308915913105011,0.1183180958032608,0.1235470324754715,0.1287759691476822,0.1340048909187317,0.13923382759094238,0.14446276426315308,0.14969170093536377,0.15492063760757446,0.16014957427978516,0.16537849605083466,0.17060743272304535,0.17583636939525604]},"epoch":12,"_step":11,"_wandb":{"runtime":307},"val_class_accuracy_NORMAL":93.67088607594937,"train_loss":0.1346714804662571,"parameters/conv_relu_pool.0.bias":{"_type":"histogram","values":[1,0,0,0,0,1,0,0,1,0,0,0,0,1,0,0,0,0,0,0,0,0,1,1,0,0,0,1,0,1,0,0,0,0,0,0,0,2,0,1,0,0,0,0,0,0,0,0,1,1,0,0,0,0,0,0,0,0,0,0,1,0,0,2],"bins":[-0.3130694031715393,-0.30317753553390503,-0.29328566789627075,-0.2833938002586365,-0.2735019326210022,-0.2636100649833679,-0.25371819734573364,-0.24382635951042175,-0.23393449187278748,-0.2240426242351532,-0.21415075659751892,-0.20425888895988464,-0.19436702132225037,-0.1844751536846161,-0.174583300948143,-0.16469143331050873,-0.15479956567287445,-0.14490769803524017,-0.1350158303976059,-0.1251239776611328,-0.11523211002349854,-0.10534024238586426,-0.09544837474822998,-0.0855565071105957,-0.07566463947296143,-0.06577278673648834,-0.05588090419769287,-0.04598906636238098,-0.036097198724746704,-0.026205331087112427,-0.01631346344947815,-0.006421595811843872,0.0034702718257904053,0.013362139463424683,0.02325400710105896,0.03314587473869324,0.043037742376327515,0.05292961001396179,0.06282144784927368,0.07271333038806915,0.08260518312454224,0.09249705076217651,0.10238891839981079,0.11228078603744507,0.12217265367507935,0.13206452131271362,0.1419563740491867,0.15184824168682098,0.16174010932445526,0.17163197696208954,0.18152384459972382,0.1914156973361969,0.20130756497383118,0.21119943261146545,0.22109130024909973,0.230983167886734,0.2408750355243683,0.25076690316200256,0.26065874099731445,0.27055060863494873,0.280442476272583,0.2903343439102173,0.30022621154785156,0.31011807918548584,0.3200099468231201]},"val_accuracy":93.0379746835443,"parameters/conv_relu_pool.3.bias":{"values":[1,0,0,0,1,1,0,1,0,0,0,0,0,1,0,0,0,0,0,2,1,2,0,0,1,1,0,1,0,0,0,0,0,2,0,2,1,1,0,0,2,0,0,0,0,1,1,1,1,2,0,1,0,0,0,1,1,1,0,0,0,0,0,1],"bins":[-0.10161256045103073,-0.09886991232633591,-0.09612725675106049,-0.09338460862636566,-0.09064196050167084,-0.08789930492639542,-0.08515665680170059,-0.08241400122642517,-0.07967135310173035,-0.07692870497703552,-0.0741860494017601,-0.07144340127706528,-0.06870074570178986,-0.06595809757709503,-0.06321544945240021,-0.060472797602415085,-0.05773014575242996,-0.05498749390244484,-0.05224484205245972,-0.04950219392776489,-0.04675954207777977,-0.04401689022779465,-0.04127424210309982,-0.0385315865278244,-0.03578893840312958,-0.03304629027843475,-0.030303634703159332,-0.027560986578464508,-0.024818338453769684,-0.022075682878494263,-0.01933303475379944,-0.016590379178524017,-0.01384773850440979,-0.011105090379714966,-0.008362434804439545,-0.0056197866797447205,-0.0028771311044692993,-0.0001344829797744751,0.002608165144920349,0.00535082072019577,0.008093468844890594,0.010836116969585419,0.01357877254486084,0.016321420669555664,0.019064072519540787,0.02180672436952591,0.024549372494220734,0.027292024344205856,0.03003467619419098,0.0327773280441761,0.035519979894161224,0.03826262801885605,0.04100527986884117,0.043747931718826294,0.04649057984352112,0.04923323169350624,0.051975883543491364,0.054718535393476486,0.05746118724346161,0.06020383536815643,0.06294648349285126,0.06568913906812668,0.0684317871928215,0.07117444276809692,0.07391709089279175],"_type":"histogram"},"_runtime":307.054923,"parameters/conv_relu_pool.0.weight":{"bins":[-0.3452478051185608,-0.33494505286216736,-0.3246423304080963,-0.3143395781517029,-0.30403685569763184,-0.2937341034412384,-0.28343135118484497,-0.2731286287307739,-0.2628258764743805,-0.25252315402030945,-0.24222040176391602,-0.23191766440868378,-0.22161492705345154,-0.2113121896982193,-0.20100943744182587,-0.19070670008659363,-0.1804039627313614,-0.17010122537612915,-0.1597984880208969,-0.14949573576450348,-0.13919299840927124,-0.128890261054039,-0.11858752369880676,-0.10828478634357452,-0.09798204898834229,-0.08767929673194885,-0.07737657427787781,-0.06707382202148438,-0.05677106976509094,-0.0464683473110199,-0.036165595054626465,-0.02586287260055542,-0.015560120344161987,-0.005257368087768555,0.00504535436630249,0.015348106622695923,0.025650829076766968,0.0359535813331604,0.04625633358955383,0.05655905604362488,0.06686180830001831,0.07716454565525055,0.08746728301048279,0.09777002036571503,0.10807275772094727,0.1183754950761795,0.12867824733257294,0.13898098468780518,0.14928372204303741,0.15958645939826965,0.1698891967535019,0.18019194900989532,0.19049468636512756,0.2007974237203598,0.21110016107559204,0.22140291333198547,0.23170563578605652,0.24200838804244995,0.252311110496521,0.26261386275291443,0.27291661500930786,0.2832193374633789,0.29352208971977234,0.3038248121738434,0.3141275644302368],"_type":"histogram","values":[1,4,2,5,1,2,2,0,2,1,2,4,2,3,3,2,2,0,5,3,1,3,0,2,1,0,2,0,1,3,4,4,2,2,4,2,2,4,2,2,2,1,1,5,1,3,0,2,3,3,2,5,2,1,2,1,3,5,5,0,2,2,2,4]},"_timestamp":1.730908713539944e+09,"val_class_accuracy_PNEUMONIA":92.40506329113924,"train_class_accuracy_PNEUMONIA":96.05930655788477,"parameters/out_layer.weight":{"bins":[-0.10008168965578079,-0.09692787379026413,-0.09377405792474747,-0.0906202495098114,-0.08746643364429474,-0.08431261777877808,-0.08115880191326141,-0.07800498604774475,-0.07485117018222809,-0.07169736176729202,-0.06854354590177536,-0.0653897300362587,-0.062235914170742035,-0.05908210203051567,-0.05592828616499901,-0.052774474024772644,-0.04962065815925598,-0.04646684229373932,-0.043313030153512955,-0.04015921428799629,-0.03700540214776993,-0.033851586282253265,-0.030697770416736603,-0.02754395455121994,-0.024390138685703278,-0.021236330270767212,-0.01808251440525055,-0.014928698539733887,-0.011774882674217224,-0.008621066808700562,-0.005467258393764496,-0.0023134425282478333,0.0008403807878494263,0.003994196653366089,0.0071480125188827515,0.010301820933818817,0.01345563679933548,0.016609452664852142,0.019763268530368805,0.022917084395885468,0.026070892810821533,0.029224708676338196,0.03237852454185486,0.03553234040737152,0.038686156272888184,0.04183996841311455,0.04499378427863121,0.048147596418857574,0.05130141228437424,0.0544552281498909,0.057609040290117264,0.060762856155633926,0.06391666829586029,0.06707048416137695,0.07022430002689362,0.07337811589241028,0.07653193175792694,0.079685740172863,0.08283955603837967,0.08599337190389633,0.089147187769413,0.09230099618434906,0.09545481204986572,0.09860862791538239,0.10176244378089905],"_type":"histogram",