{"val_accuracy":93.9873417721519,"train_accuracy":94.86571879936808,"parameters/graph_10conv_relu_pool.0.weight":{"_type":"histogram","values":[5,3,0,3,2,4,2,1,1,0,2,3,4,2,2,3,2,3,1,4,3,7,4,1,1,3,3,1,2,2,2,1,2,1,4,0,4,2,1,2,0,2,4,0,2,3,4,1,2,1,5,2,1,2,2,1,1,3,4,1,6,0,3,1],"bins":[-0.33054402470588684,-0.31996965408325195,-0.3093952536582947,-0.2988208830356598,-0.2882464826107025,-0.2776721119880676,-0.26709771156311035,-0.25652334094047546,-0.24594895541667938,-0.2353745698928833,-0.22480018436908722,-0.21422579884529114,-0.20365142822265625,-0.19307704269886017,-0.1825026571750641,-0.171928271651268,-0.16135388612747192,-0.15077950060367584,-0.14020511507987976,-0.12963072955608368,-0.1190563440322876,-0.10848197340965271,-0.09790758788585663,-0.08733320236206055,-0.07675883173942566,-0.06618443131446838,-0.055610060691833496,-0.04503566026687622,-0.03446128964424133,-0.023886889219284058,-0.01331251859664917,-0.0027381181716918945,0.00783628225326538,0.01841065287590027,0.028985053300857544,0.03955942392349243,0.05013382434844971,0.060708194971084595,0.07128259539604187,0.08185696601867676,0.09243136644363403,0.10300573706626892,0.113580122590065,0.12415450811386108,0.13472887873649597,0.14530326426029205,0.15587764978408813,0.16645203530788422,0.1770264208316803,0.18760080635547638,0.19817519187927246,0.20874957740306854,0.21932396292686462,0.2298983335494995,0.2404727190732956,0.2510471045970917,0.26162147521972656,0.27219587564468384,0.2827702760696411,0.293344646692276,0.3039190173149109,0.31449341773986816,0.32506778836250305,0.3356421887874603,0.3462165594100952]},"parameters/graph_10conv_relu_pool.0.bias":{"values":[1,0,0,0,0,0,0,0,0,0,0,0,0,0,0,0,0,0,0,0,0,2,1,0,0,1,0,0,0,0,0,0,0,1,1,0,0,0,0,0,0,0,1,1,1,0,0,0,0,1,0,0,0,1,0,0,0,0,1,1,0,0,1,1],"bins":[-0.30541887879371643,-0.2955450713634491,-0.2856712341308594,-0.27579742670059204,-0.2659236192703247,-0.2560498118400574,-0.24617598950862885,-0.23630216717720032,-0.22642835974693298,-0.21655455231666565,-0.20668072998523712,-0.1968069076538086,-0.18693310022354126,-0.17705929279327393,-0.1671854704618454,-0.15731164813041687,-0.14743784070014954,-0.1375640332698822,-0.12769021093845367,-0.11781638860702515,-0.10794258117675781,-0.09806877374649048,-0.08819495141506195,-0.07832112908363342,-0.06844732165336609,-0.058573514223098755,-0.04869970679283142,-0.0388258695602417,-0.028952062129974365,-0.01907825469970703,-0.00920441746711731,0.0006693899631500244,0.010543197393417358,0.020417004823684692,0.030290812253952026,0.04016464948654175,0.05003845691680908,0.059912264347076416,0.06978610157966614,0.07965990900993347,0.0895337164402008,0.09940752387046814,0.10928134620189667,0.1191551685333252,0.12902897596359253,0.13890278339385986,0.1487766057252884,0.15865042805671692,0.16852423548698425,0.1783980429172516,0.18827186524868011,0.19814568758010864,0.20801949501037598,0.2178933024406433,0.22776712477207184,0.23764094710350037,0.2475147545337677,0.25738856196403503,0.26726239919662476,0.2771362066268921,0.2870100140571594,0.29688382148742676,0.3067576289176941,0.3166314661502838,0.32650527358055115],"_type":"histogram"},"gradients/graph_10conv_relu_pool.3.weight":{"bins":[-0.1749659776687622,-0.17137371003627777,-0.16778144240379333,-0.1641891747713089,-0.16059690713882446,-0.15700465440750122,-0.15341238677501678,-0.14982011914253235,-0.1462278515100479,-0.14263558387756348,-0.13904331624507904,-0.1354510486125946,-0.13185879588127136,-0.12826651334762573,-0.12467426061630249,-0.12108199298381805,-0.11748972535133362,-0.11389745771884918,-0.11030519008636475,-0.10671292990446091,-0.10312066227197647,-0.09952839463949203,-0.0959361344575882,-0.09234386682510376,-0.08875159919261932,-0.08515933156013489,-0.08156706392765045,-0.07797480374574661,-0.07438253611326218,-0.07079026848077774,-0.0671980082988739,-0.06360574066638947,-0.060013480484485626,-0.05642121285200119,-0.052828945219516754,-0.049236685037612915,-0.04564441740512848,-0.04205214977264404,-0.038459889590740204,-0.03486762195825577,-0.03127535432577133,-0.027683086693286896,-0.02409081906080246,-0.02049855887889862,-0.016906291246414185,-0.013314023613929749,-0.00972176343202591,-0.006129495799541473,-0.0025372281670570374,0.0010550394654273987,0.004647303372621536,0.008239567279815674,0.01183183491230011,0.015424102544784546,0.019016366451978683,0.02260863035917282,0.026200897991657257,0.029793163761496544,0.03338542953133583,0.03697769343852997,0.040569961071014404,0.04416222870349884,0.04775449261069298,0.051346756517887115,0.05493902415037155],"_type":"histogram","values":[3,3,1,1,1,0,0,3,0,0,4,2,0,0,0,0,0,0,0,3,3,3,0,0,2,5,5,3,1,2,0,0,6,3,18,26,10,3,11,10,23,18,7,9,26,49,30,86,4053,44,40,27,16,8,7,3,9,2,4,8,1,2,1,3]},"gradients/graph_10conv_relu_pool.0.weight":{"values":[2,0,2,3,2,1,4,3,1,0,6,1,2,0,0,0,0,0,0,0,0,0,0,0,0,0,0,0,0,0,0,0,0,0,1,4,10,11,2,5,3,7,9,2,4,13,1,0,0,3,0,7,5,4,8,0,0,0,9,0,0,2,1,6],"bins":[-0.08497527241706848,-0.08310387283563614,-0.0812324732542038,-0.07936107367277145,-0.07748967409133911,-0.07561827450990677,-0.07374687492847443,-0.07187547534704208,-0.07000407576560974,-0.068132683634758,-0.06626127660274506,-0.06438988447189331,-0.06251847743988037,-0.06064708158373833,-0.05877568572759628,-0.05690428614616394,-0.0550328865647316,-0.053161486983299255,-0.05129008740186691,-0.04941868782043457,-0.04754728823900223,-0.045675888657569885,-0.04380448907613754,-0.0419330894947052,-0.04006168991327286,-0.038190290331840515,-0.03631889075040817,-0.03444749489426613,-0.032576095312833786,-0.030704695731401443,-0.0288332961499691,-0.02696189656853676,-0.025090496987104416,-0.023219097405672073,-0.02134769782423973,-0.01947629824280739,-0.017604898661375046,-0.015733499079942703,-0.01386210322380066,-0.011990703642368317,-0.010119304060935974,-0.008247904479503632,-0.006376504898071289,-0.0045051053166389465,-0.002633705735206604,-0.0007623061537742615,0.001109093427658081,0.0029804930090904236,0.004851890727877617,0.006723290309309959,0.008594689890742302,0.010466087609529495,0.012337487190961838,0.01420888677239418,0.016080286353826523,0.017951685935258865,0.019823085516691208,0.02169448509812355,0.023565882816910744,0.025437282398343086,0.02730868197977543,0.029180079698562622,0.031051479279994965,0.03292287886142731,0.03479427844285965],"_type":"histogram"},"val_class_accuracy_PNEUMONIA":93.67088607594937,"parameters/graph_10conv_relu_pool.3.weight":{"values":[1,1,0,0,2,4,0,7,3,17,38,94,117,116,123,129,136,124,108,133,144,126,113,138,117,139,148,106,115,129,135,119,96,125,140,124,116,131,133,123,113,115,136,146,126,119,94,52,13,3,4,0,0,1,0,1,1,2,1,1,1,3,4,2],"bins":[-0.14262565970420837,-0.1380348950624466,-0.133444145321846,-0.12885338068008423,-0.12426261603832245,-0.11967185884714127,-0.11508110165596008,-0.1104903370141983,-0.10589957237243652,-0.10130881518125534,-0.09671805799007416,-0.09212729334831238,-0.0875365361571312,-0.08294577896595001,-0.07835501432418823,-0.07376424968242645,-0.06917349249124527,-0.06458273530006409,-0.05999197065830231,-0.055401213467121124,-0.050810448825359344,-0.04621969163417816,-0.04162892699241638,-0.0370381698012352,-0.032447412610054016,-0.027856647968292236,-0.023265890777111053,-0.018675126135349274,-0.01408436894416809,-0.009493604302406311,-0.004902839660644531,-0.0003120899200439453,0.0042786747217178345,0.008869439363479614,0.0134601891040802,0.01805095374584198,0.02264171838760376,0.027232475578784943,0.03182324022054672,0.036413997411727905,0.041004762053489685,0.04559551924467087,0.05018627643585205,0.05477704107761383,0.05936779826879501,0.0639585629105568,0.06854932010173798,0.07314008474349976,0.07773084193468094,0.08232159912586212,0.0869123637676239,0.09150312840938568,0.09609388560056686,0.10068464279174805,0.10527540743350983,0.10986616462469101,0.11445692181587219,0.11904768645763397,0.12363845109939575,0.12822920083999634,0.13281996548175812,0.1374107301235199,0.14200149476528168,0.14659224450588226,0.15118300914764404],"_type":"histogram"},