{"_wandb":{"runtime":272},"parameters/graph_5out_layer.bias":{"values":[1,0,0,0,0,0,0,0,0,0,0,0,0,0,0,0,0,0,0,0,0,0,0,0,0,0,0,0,0,0,0,0,0,0,0,0,0,0,0,0,0,0,0,0,0,0,0,0,0,0,0,0,0,0,0,0,0,0,0,0,0,0,0,1],"bins":[-0.008031513541936874,-0.007782418746501207,-0.007533324416726828,-0.007284229621291161,-0.007035135291516781,-0.006786040496081114,-0.006536945700645447,-0.006287851370871067,-0.0060387565754354,-0.005789661779999733,-0.005540567450225353,-0.005291472654789686,-0.005042377859354019,-0.0047932835295796394,-0.004544188734143972,-0.004295093938708305,-0.004045999608933926,-0.0037969048134982586,-0.003547810483723879,-0.003298715688288212,-0.003049621358513832,-0.002800526563078165,-0.002551431767642498,-0.0023023374378681183,-0.0020532426424324512,-0.0018041478469967842,-0.0015550535172224045,-0.0013059587217867374,-0.0010568639263510704,-0.0008077695965766907,-0.0005586748011410236,-0.0003095804713666439,-6.048660725355148e-05,0.00018860818818211555,0.0004377025179564953,0.0006867973133921623,0.000935891643166542,0.001184986438602209,0.0014340812340378761,0.0016831755638122559,0.001932270359247923,0.00218136515468359,0.0024304594844579697,0.0026795542798936367,0.0029286490753293037,0.0031777434051036835,0.0034268382005393505,0.0036759325303137302,0.003925027325749397,0.004174121655523777,0.004423216450959444,0.004672311246395111,0.004921405576169491,0.005170500371605158,0.005419595167040825,0.005668689496815205,0.005917784292250872,0.006166879087686539,0.006415973417460918,0.0066650682128965855,0.0069141630083322525,0.007163257338106632,0.007412352133542299,0.007661446463316679,0.007910541258752346],"_type":"histogram"},"parameters/graph_5out_layer.weight":{"values":[1,1,0,4,6,6,5,13,21,16,26,41,42,74,87,114,165,205,297,405,549,684,870,1138,1419,1912,2699,3818,5440,10296,22735,57925,77790,34317,14912,7131,4515,3195,2231,1672,1228,992,778,585,485,328,266,183,127,104,70,65,36,34,19,22,16,9,5,6,4,3,1,1],"bins":[-0.11684095114469528,-0.11321721971035004,-0.10959348827600479,-0.10596975684165955,-0.1023460328578949,-0.09872229397296906,-0.0950985699892044,-0.09147483855485916,-0.08785110712051392,-0.08422737568616867,-0.08060364425182343,-0.07697992026805878,-0.07335618138313293,-0.06973245739936829,-0.06610872596502304,-0.062484994530677795,-0.05886126309633255,-0.055237531661987305,-0.05161380022764206,-0.047990068793296814,-0.04436633735895157,-0.04074261337518692,-0.037118881940841675,-0.03349515050649643,-0.029871419072151184,-0.02624768763780594,-0.022623956203460693,-0.019000224769115448,-0.0153765007853508,-0.011752769351005554,-0.008129037916660309,-0.0045053064823150635,-0.0008815675973892212,0.002742163836956024,0.0063658952713012695,0.009989626705646515,0.01361335813999176,0.01723708212375641,0.020860813558101654,0.0244845449924469,0.028108276426792145,0.03173200786113739,0.035355739295482635,0.03897947072982788,0.04260319471359253,0.046226926147937775,0.04985065758228302,0.053474389016628265,0.05709812045097351,0.060721851885318756,0.064345583319664,0.06796930730342865,0.07159304618835449,0.07521677017211914,0.07884050160646439,0.08246423304080963,0.08608796447515488,0.08971169590950012,0.09333542734384537,0.09695915877819061,0.10058288276195526,0.1042066141963005,0.10783034563064575,0.111454077064991,0.11507780849933624],"_type":"histogram"},"parameters/graph_5conv_relu_pool.0.bias":{"_type":"histogram","values":[1,1,0,0,0,0,0,1,0,1,1,0,0,0,0,0,0,0,0,0,1,1,1,2,1,0,0,1,0,0,0,0,0,0,0,0,0,0,1,1,0,0,0,0,0,0,0,0,0,0,0,1,0,0,0,0,0,0,0,0,0,0,0,1],"bins":[-0.29683488607406616,-0.2879829704761505,-0.27913105487823486,-0.2702791094779968,-0.2614271938800812,-0.2525752782821655,-0.24372336268424988,-0.23487144708633423,-0.22601951658725739,-0.21716758608818054,-0.2083156704902649,-0.19946375489234924,-0.1906118392944336,-0.18175990879535675,-0.1729079931974411,-0.16405606269836426,-0.1552041471004486,-0.14635223150253296,-0.13750030100345612,-0.12864838540554047,-0.11979645490646362,-0.11094453930854797,-0.10209262371063232,-0.09324069321155548,-0.08438877761363983,-0.07553686201572418,-0.06668493151664734,-0.05783301591873169,-0.04898110032081604,-0.04012918472290039,-0.031277239322662354,-0.022425323724746704,-0.013573437929153442,-0.004721522331237793,0.0041303932666778564,0.012982338666915894,0.021834254264831543,0.030686169862747192,0.03953808546066284,0.048390015959739685,0.057241931557655334,0.06609384715557098,0.07494577765464783,0.08379769325256348,0.09264960885047913,0.10150153934955597,0.11035345494747162,0.11920538544654846,0.1280573010444641,0.13690921664237976,0.1457611471414566,0.15461306273937225,0.1634649932384491,0.17231690883636475,0.1811688244342804,0.19002074003219604,0.1988726705312729,0.20772460103034973,0.21657651662826538,0.22542843222618103,0.23428034782409668,0.24313227832317352,0.25198420882225037,0.260836124420166,0.26968804001808167]},"train_class_accuracy_NORMAL":92.98310586766509,"parameters/graph_5conv_relu_pool.3.bias":{"bins":[-0.0818195641040802,-0.07947452366352081,-0.07712947577238083,-0.07478442788124084,-0.07243938744068146,-0.07009434700012207,-0.06774929910898209,-0.0654042512178421,-0.06305921077728271,-0.06071416661143303,-0.058369122445583344,-0.05602407827973366,-0.05367903411388397,-0.051333989948034286,-0.0489889457821846,-0.046643901616334915,-0.04429885745048523,-0.041953813284635544,-0.03960876911878586,-0.03726372495293617,-0.03491868078708649,-0.0325736366212368,-0.030228592455387115,-0.02788354828953743,-0.025538504123687744,-0.02319345995783806,-0.020848415791988373,-0.01850336790084839,-0.016158327460289,-0.013813287019729614,-0.01146823912858963,-0.009123191237449646,-0.006778150796890259,-0.004433110356330872,-0.0020880624651908875,0.0002569854259490967,0.002602025866508484,0.004947066307067871,0.007292114198207855,0.009637158364057541,0.011982202529907227,0.014327246695756912,0.016672290861606598,0.019017335027456284,0.02136237919330597,0.023707423359155655,0.02605246752500534,0.028397511690855026,0.030742555856704712,0.0330876000225544,0.03543264418840408,0.03777768835425377,0.040122732520103455,0.04246777668595314,0.044812820851802826,0.04715786501765251,0.0495029091835022,0.05184795334935188,0.05419299751520157,0.056538041681051254,0.05888308584690094,0.061228130012750626,0.06357317417860031,0.0659182220697403,0.06826326251029968],"_type":"histogram","values":[1,2,0,0,0,0,0,0,0,1,1,0,0,0,0,1,1,0,1,0,0,0,0,0,0,1,0,0,0,1,0,1,0,0,0,1,0,0,0,1,0,2,2,0,0,1,2,1,1,0,1,0,0,2,0,0,1,0,1,1,1,1,0,2]},"epoch":11,"val_class_accuracy_PNEUMONIA":92.7400468384075,"train_loss":0.12118831832450336,"train_class_accuracy_PNEUMONIA":97.48322883471877,"_timestamp":1.7309358686991563e+09,"parameters/graph_5conv_relu_pool.3.weight":{"_type":"histogram","values":[2,0,0,1,0,0,3,1,2,3,5,9,13,21,59,90,122,127,121,122,140,121,152,128,139,125,139,139,144,137,128,123,141,150,136,137,132,136,120,146,125,122,121,118,118,141,141,100,90,51,19,14,5,4,9,4,2,4,2,1,0,0,1,2],