{"_runtime":2330.8452269,"_step":49,"epoch":50,"val_accuracy":94.24342105263158,"_timestamp":1.730649003263194e+09,"parameters/conv_relu_pool.3.weight":{"_type":"histogram","values":[1,0,1,1,0,2,1,4,2,3,3,3,6,11,33,31,31,39,62,81,96,106,108,119,132,141,129,159,141,146,158,135,141,146,143,133,142,164,144,143,153,154,142,133,127,132,126,121,98,99,79,60,41,40,16,12,10,10,3,4,0,4,2,1],"bins":[-0.19809123873710632,-0.19244790077209473,-0.18680456280708313,-0.18116122484207153,-0.17551788687705994,-0.16987454891204834,-0.16423121094703674,-0.15858787298202515,-0.15294453501701355,-0.14730119705200195,-0.14165785908699036,-0.13601450622081757,-0.13037116825580597,-0.12472783029079437,-0.11908449232578278,-0.11344115436077118,-0.10779781639575958,-0.10215447843074799,-0.09651114046573639,-0.09086780250072479,-0.0852244645357132,-0.079581119120121,-0.0739377811551094,-0.0682944506406784,-0.06265109777450562,-0.05700775980949402,-0.05136442184448242,-0.045721083879470825,-0.04007774591445923,-0.03443440794944763,-0.028791069984436035,-0.02314773201942444,-0.017504379153251648,-0.011861041188240051,-0.006217703223228455,-0.0005743652582168579,0.005068972706794739,0.010712310671806335,0.016355648636817932,0.02199898660182953,0.027642324566841125,0.033285677433013916,0.038929007947444916,0.04457234591245651,0.050215691328048706,0.0558590292930603,0.0615023672580719,0.0671457052230835,0.07278904318809509,0.07843238115310669,0.08407571911811829,0.08971905708312988,0.09536239504814148,0.10100573301315308,0.10664907842874527,0.11229241639375687,0.11793575435876846,0.12357909232378006,0.12922242283821106,0.13486577570438385,0.14050911366939545,0.14615245163440704,0.15179578959941864,0.15743912756443024,0.16308246552944183]},"gradients/conv_relu_pool.0.weight":{"bins":[-0.14539146423339844,-0.14146651327610016,-0.13754156231880188,-0.1336166113615036,-0.12969166040420532,-0.12576670944690704,-0.12184175848960876,-0.11791680753231049,-0.11399185657501221,-0.11006690561771393,-0.10614195466041565,-0.10221700370311737,-0.09829205274581909,-0.09436710178852081,-0.09044215083122253,-0.08651719987392426,-0.08259224891662598,-0.0786672979593277,-0.07474234700202942,-0.07081739604473114,-0.06689244508743286,-0.06296749413013458,-0.059042543172836304,-0.055117592215538025,-0.051192641258239746,-0.04726769030094147,-0.04334273934364319,-0.03941778838634491,-0.03549283742904663,-0.03156788647174835,-0.027642935514450073,-0.023717984557151794,-0.01979304850101471,-0.01586809754371643,-0.011943146586418152,-0.008018195629119873,-0.004093244671821594,-0.00016829371452331543,0.0037566572427749634,0.007681608200073242,0.011606559157371521,0.0155315101146698,0.01945646107196808,0.023381412029266357,0.027306362986564636,0.031231313943862915,0.035156264901161194,0.03908121585845947,0.04300616681575775,0.04693111777305603,0.05085606873035431,0.05478101968765259,0.05870597064495087,0.06263092160224915,0.06655587255954742,0.0704808235168457,0.07440577447414398,0.07833072543144226,0.08225567638874054,0.08618062734603882,0.0901055783033371,0.09403052926063538,0.09795548021793365,0.10188043117523193,0.10580538213253021],"_type":"histogram","values":[3,3,3,0,3,0,3,2,1,0,0,1,0,1,5,4,1,1,5,5,4,0,1,0,2,5,0,1,0,0,0,0,2,0,4,6,4,2,2,3,7,4,4,3,8,4,10,9,2,4,2,1,0,0,0,0,0,0,1,2,0,1,2,3]},"train_loss":0.06466973150072962,"_wandb":{"runtime":2330},"parameters/out_layer.bias":{"_type":"histogram","values":[1,0,0,0,0,0,0,0,0,0,0,0,0,0,0,0,0,0,0,0,0,0,0,0,0,0,0,0,0,0,0,0,0,0,0,0,0,0,0,0,0,0,0,0,0,0,0,0,0,0,0,0,0,0,0,0,0,0,0,0,0,0,0,1],"bins":[-0.003497879486531019,-0.0034254048950970173,-0.0033529300708323717,-0.00328045547939837,-0.003207980887964368,-0.0031355060636997223,-0.0030630314722657204,-0.0029905568808317184,-0.0029180822893977165,-0.002845607465133071,-0.002773132873699069,-0.0027006580494344234,-0.0026281834580004215,-0.0025557088665664196,-0.0024832342751324177,-0.0024107596836984158,-0.00233828485943377,-0.0022658100351691246,-0.0021933354437351227,-0.0021208608523011208,-0.002048386260867119,-0.001975911669433117,-0.0019034368451684713,-0.0018309622537344694,-0.0017584875458851457,-0.001686012838035822,-0.00161353824660182,-0.001541063655167818,-0.0014685888309031725,-0.0013961142394691706,-0.0013236396480351686,-0.001251164823770523,-0.0011786902323365211,-0.0011062156409025192,-0.0010337408166378736,-0.0009612662252038717,-0.0008887916337698698,-0.0008163168095052242,-0.0007438422180712223,-0.0006713676266372204,-0.0005988929187878966,-0.0005264182109385729,-0.00045394361950457096,-0.0003814689116552472,-0.00030899420380592346,-0.00023651961237192154,-0.0001640449045225978,-9.157031308859587e-05,-1.9095605239272118e-05,5.337910261005163e-05,0.00012585369404405355,0.0001983284018933773,0.00027080305153504014,0.000343277701176703,0.0004157524090260267,0.00048822705866768956,0.0005607017083093524,0.0006331763579510152,0.0007056510075926781,0.0007781257154420018,0.0008506003650836647,0.0009230750147253275,0.0009955497225746512,0.0010680243140086532,0.001140499021857977]},"gradients/conv_relu_pool.0.bias":{"_type":"histogram","values":[1,0,1,0,0,1,1,0,0,0,0,0,0,0,0,0,0,0,2,0,0,1,1,0,0,1,0,1,0,0,0,0,0,0,0,0,0,1,0,0,1,0,0,1,0,0,0,0,1,0,0,0,0,0,1,0,0,0,0,0,0,0,0,1],"bins":[-0.17026424407958984,-0.16223034262657166,-0.15419644117355347,-0.14616253972053528,-0.1381286233663559,-0.1300947219133377,-0.12206082046031952,-0.11402691900730133,-0.10599301010370255,-0.09795910865068436,-0.08992519974708557,-0.08189129829406738,-0.0738573968410492,-0.06582348793745041,-0.05778958648443222,-0.049755677580833435,-0.04172177612781525,-0.03368787467479706,-0.02565397322177887,-0.017620056867599487,-0.009586155414581299,-0.0015522539615631104,0.006481647491455078,0.014515548944473267,0.022549450397491455,0.030583366751670837,0.038617268204689026,0.046651169657707214,0.0546850711107254,0.06271897256374359,0.07075288891792297,0.07878679037094116,0.08682069182395935,0.09485459327697754,0.10288849472999573,0.11092241108417511,0.1189563125371933,0.1269902139902115,0.13502411544322968,0.14305801689624786,0.15109193325042725,0.15912583470344543,0.16715973615646362,0.1751936376094818,0.1832275390625,0.1912614405155182,0.19929535686969757,0.20732925832271576,0.21536315977573395,0.22339706122875214,0.23143097758293152,0.2394648790359497,0.2474987804889679,0.2555326819419861,0.2635665833950043,0.27160048484802246,0.27963438630104065,0.28766828775405884,0.2957022190093994,0.3037360906600952,0.3117700219154358,0.319803923368454,0.32783782482147217,0.33587172627449036,0.34390562772750854]},"parameters/conv_relu_pool.0.bias":{"_type":"histogram","values":[1,0,1,0,0,0,0,0,0,0,2,1,0,0,0,0,0,0,1,0,0,0,0,0,0,0,1,1,0,1,1,0,0,0,0,0,0,0,0,0,0,0,1,0,0,0,1,0,1,0,0,0,0,0,0,0,0,0,0,0,1,0,0,2],