{"gradients/conv_relu_pool.3.bias":{"bins":[-0.19072915613651276,-0.18691150844097137,-0.1830938458442688,-0.17927619814872742,-0.17545853555202484,-0.17164088785648346,-0.16782322525978088,-0.1640055775642395,-0.16018792986869812,-0.15637026727199554,-0.15255261957645416,-0.1487349569797516,-0.1449173092842102,-0.14109966158866882,-0.13728199899196625,-0.13346435129642487,-0.1296466886997223,-0.1258290410041809,-0.12201138585805893,-0.11819373816251755,-0.11437608301639557,-0.11055842787027359,-0.10674077272415161,-0.10292311757802963,-0.09910546243190765,-0.09528781473636627,-0.0914701595902443,-0.08765250444412231,-0.08383484929800034,-0.08001719415187836,-0.07619954645633698,-0.072381891310215,-0.06856423616409302,-0.06474658846855164,-0.06092892959713936,-0.05711128190159798,-0.053293626755476,-0.04947597160935402,-0.04565831646323204,-0.04184066131711006,-0.03802301362156868,-0.0342053584754467,-0.030387703329324722,-0.026570048183202744,-0.022752393037080765,-0.018934737890958786,-0.015117090195417404,-0.011299435049295425,-0.007481779903173447,-0.003664124757051468,0.0001535266637802124,0.003971181809902191,0.0077888332307338715,0.01160648837685585,0.015424143522977829,0.01924179494380951,0.023059450089931488,0.026877103373408318,0.030694756656885147,0.034512411803007126,0.038330063223838806,0.042147718369960785,0.045965373516082764,0.049783024936914444,0.05360068008303642],"_type":"histogram","values":[1,0,0,0,0,0,1,0,0,0,0,0,0,0,0,0,0,0,0,0,1,0,0,0,0,0,0,0,0,0,0,0,0,0,0,0,0,1,1,0,1,1,0,1,0,0,0,1,1,9,3,2,1,3,1,0,0,1,0,0,0,1,0,1]},"val_accuracy":94.52991452991454,"train_loss":0.09740541284915019,"gradients/conv_relu_pool.3.weight":{"bins":[-0.08073985576629639,-0.07864648103713989,-0.0765530988574028,-0.07445972412824631,-0.07236634194850922,-0.07027296721935272,-0.06817958503961563,-0.06608621031045914,-0.06399282813072205,-0.06189945340156555,-0.05980607494711876,-0.05771269649267197,-0.05561932176351547,-0.05352593958377838,-0.05143256485462189,-0.049339186400175095,-0.0472458079457283,-0.04515242949128151,-0.04305905103683472,-0.040965672582387924,-0.03887229412794113,-0.03677891939878464,-0.034685540944337845,-0.03259216248989105,-0.03049878403544426,-0.028405405580997467,-0.026312027126550674,-0.024218648672103882,-0.022125273942947388,-0.020031895488500595,-0.017938517034053802,-0.01584513485431671,-0.013751756399869919,-0.011658381670713425,-0.009564999490976334,-0.007471621036529541,-0.005378242582082748,-0.0032848678529262543,-0.0011914893984794617,0.0009018890559673309,0.0029952675104141235,0.005088645964860916,0.007182024419307709,0.009275402873754501,0.011368777602910995,0.013462156057357788,0.01555553451180458,0.017648912966251373,0.019742291420698166,0.02183566987514496,0.02392904832959175,0.026022424921393394,0.028115803375840187,0.03020918183028698,0.03230255842208862,0.034395936876535416,0.03648931533098221,0.038582693785429,0.04067607223987579,0.04276944696903229,0.04486282914876938,0.04695620387792587,0.049049582332372665,0.05114296078681946,0.05323633924126625],"_type":"histogram","values":[1,2,1,1,4,1,5,4,5,5,7,2,7,1,2,5,8,3,7,2,5,4,7,5,9,7,9,12,16,26,19,27,44,45,43,53,125,231,3127,439,131,46,26,27,19,14,3,2,3,1,0,1,0,0,1,1,0,1,1,0,0,4,0,1]},"parameters/out_layer.weight":{"values":[1,2,2,4,4,5,8,8,14,12,12,29,37,46,67,88,113,149,222,330,442,618,774,1133,1532,2267,3265,5199,8218,13930,35003,84427,55297,19495,10058,6229,3962,2633,1832,1292,926,628,520,353,276,173,133,94,68,61,40,32,14,12,14,11,9,5,4,7,2,2,0,1],"bins":[-0.2004392147064209,-0.19411835074424744,-0.18779747188091278,-0.18147660791873932,-0.17515572905540466,-0.1688348650932312,-0.16251400113105774,-0.15619313716888428,-0.14987225830554962,-0.14355137944221497,-0.1372305154800415,-0.13090965151786804,-0.12458878010511398,-0.11826790869235992,-0.11194704473018646,-0.1056261733174324,-0.09930530190467834,-0.09298443049192429,-0.08666355907917023,-0.08034269511699677,-0.07402181625366211,-0.06770095229148865,-0.061380088329315186,-0.05505920946598053,-0.04873834550380707,-0.042417481541633606,-0.03609660267829895,-0.02977573871612549,-0.023454874753952026,-0.01713399589061737,-0.010813131928443909,-0.004492253065109253,0.0018285959959030151,0.008149459958076477,0.014470338821411133,0.020791202783584595,0.02711208164691925,0.03343294560909271,0.039753809571266174,0.04607468843460083,0.05239555239677429,0.058716416358947754,0.06503729522228241,0.07135815918445587,0.07767902314662933,0.08399990200996399,0.09032076597213745,0.09664163738489151,0.10296250879764557,0.10928338021039963,0.11560425162315369,0.12192511558532715,0.1282459795475006,0.13456685841083527,0.14088772237300873,0.14720860123634338,0.15352946519851685,0.1598503291606903,0.16617120802402496,0.17249207198619843,0.17881295084953308,0.18513381481170654,0.19145467877388,0.19777555763721466,0.20409642159938812],"_type":"histogram"},"gradients/out_layer.bias":{"_type":"histogram","values":[1,0,0,0,0,0,0,0,0,0,0,0,0,0,0,0,0,0,0,0,0,0,0,0,0,0,0,0,0,0,0,0,0,0,0,0,0,0,0,0,0,0,0,0,0,0,0,0,0,0,0,0,0,0,0,0,0,0,0,0,0,0,0,1],"bins":[-0.012168404646217823,-0.011788141913712025,-0.011407879181206226,-0.011027617380023003,-0.010647354647517204,-0.010267091915011406,-0.009886829182505608,-0.00950656644999981,-0.009126303717494011,-0.008746041916310787,-0.008365779183804989,-0.00798551645129919,-0.007605253718793392,-0.007224991451948881,-0.006844728719443083,-0.006464466452598572,-0.0060842037200927734,-0.005703940987586975,-0.005323678720742464,-0.004943415988236666,-0.004563153721392155,-0.004182890988886356,-0.003802628256380558,-0.0034223655238747597,-0.0030421027913689613,-0.0026618409901857376,-0.0022815782576799393,-0.001901315525174141,-0.0015210527926683426,-0.0011407900601625443,-0.0007605282589793205,-0.0003802655264735222,-1.862645149230957e-09,0.0003802608698606491,0.0007605236023664474,0.0011407854035496712,0.0015210481360554695,0.0019013108685612679,0.002281573601067066,0.0026618363335728645,0.0030420981347560883,0.0034223608672618866,0.003802623599767685,0.004182886332273483,0.004563149064779282,0.004943411331623793,0.005323674064129591,0.005703936330974102,0.0060841990634799,0.006464461795985699,0.00684472406283021,0.007224986795336008,0.007605249062180519,0.007985511794686317,0.008365774527192116,0.008746037259697914,0.009126299992203712,0.009506561793386936,0.009886824525892735,0.010267087258398533,0.010647349990904331,0.011027611792087555,0.011407874524593353,0.011788137257099152,0.01216839998960495]},"_runtime":980.6157373,"gradients/conv_relu_pool.0.weight":{"_type":"histogram","values":[3,2,1,0,0,0,1,1,1,8,1,0,0,0,2,0,1,2,0,1,0,3,5,3,0,1,2,7,3,2,1,0,2,2,2,9,7,6,5,11,6,4,2,7,3,5,4,0,1,4,2,2,0,1,0,0,2,0,2,1,0,2,0,1],