{"parameters/graph_2out_layer.bias":{"bins":[-0.02666512131690979,-0.025781001895666122,-0.024896882474422455,-0.024012763053178787,-0.02312864363193512,-0.022244524210691452,-0.021360402926802635,-0.020476283505558968,-0.0195921640843153,-0.018708044663071632,-0.017823925241827965,-0.016939803957939148,-0.01605568453669548,-0.015171566046774387,-0.014287445694208145,-0.013403326272964478,-0.01251920685172081,-0.011635087430477142,-0.010750968009233475,-0.009866848587989807,-0.00898272916674614,-0.008098607882857323,-0.007214488461613655,-0.0063303690403699875,-0.00544624961912632,-0.004562130197882652,-0.0036780107766389847,-0.002793891355395317,-0.0019097700715065002,-0.0010256506502628326,-0.00014153122901916504,0.0007425881922245026,0.0016267094761133194,0.002510828897356987,0.0033949483186006546,0.004279067739844322,0.00516318716108799,0.006047308444976807,0.006931427866220474,0.007815547287464142,0.00869966670870781,0.009583786129951477,0.010467905551195145,0.011352024972438812,0.012236146256327629,0.013120265677571297,0.014004385098814964,0.014888504520058632,0.0157726239413023,0.016656743362545967,0.017540862783789635,0.01842498406767845,0.01930910348892212,0.020193222910165787,0.021077342331409454,0.021961461752653122,0.02284558117389679,0.023729700595140457,0.024613820016384125,0.025497939437627792,0.02638205885887146,0.027266180142760277,0.028150299564003944,0.029034418985247612,0.02991853840649128],"_type":"histogram","values":[1,0,0,0,0,0,0,0,0,0,0,0,0,0,0,0,0,0,0,0,0,0,0,0,0,0,0,0,0,0,0,0,0,0,0,0,0,0,0,0,0,0,0,0,0,0,0,0,0,0,0,0,0,0,0,0,0,0,0,0,0,0,0,1]},"_timestamp":1.7303997481267543e+09,"_runtime":1102.9271512,"parameters/graph_2conv_relu_pool.0.weight":{"_type":"histogram","values":[1,1,2,3,2,3,3,2,7,3,3,1,2,2,6,1,3,1,4,3,1,1,0,3,3,2,2,0,0,2,4,5,6,1,2,3,4,0,1,3,6,6,5,2,3,0,2,0,3,3,6,0,1,2,1,1,1,0,2,1,1,0,0,2],"bins":[-0.3590010404586792,-0.3470785319805145,-0.33515602350234985,-0.3232334852218628,-0.3113109767436981,-0.29938846826553345,-0.2874659597873688,-0.2755434513092041,-0.26362094283103943,-0.25169843435287476,-0.2397759109735489,-0.22785340249538422,-0.21593087911605835,-0.20400837063789368,-0.192085862159729,-0.18016333878040314,-0.16824083030223846,-0.1563183218240738,-0.14439579844474792,-0.13247328996658325,-0.12055078148841858,-0.1086282730102539,-0.09670576453208923,-0.08478322625160217,-0.0728607177734375,-0.06093820929527283,-0.049015700817108154,-0.03709319233894348,-0.02517068386077881,-0.013248145580291748,-0.0013256371021270752,0.010596871376037598,0.02251937985420227,0.03444188833236694,0.046364396810531616,0.05828690528869629,0.07020944356918335,0.08213195204734802,0.0940544605255127,0.10597696900367737,0.11789947748184204,0.1298219859600067,0.14174452424049377,0.15366703271865845,0.16558954119682312,0.1775120496749878,0.18943455815315247,0.20135708153247833,0.213279590010643,0.22520209848880768,0.23712462186813354,0.24904713034629822,0.2609696388244629,0.27289217710494995,0.28481465578079224,0.2967371940612793,0.30865970253944397,0.32058221101760864,0.3325047194957733,0.344427227973938,0.35634973645210266,0.36827224493026733,0.3801947832107544,0.39211729168891907,0.40403980016708374]},"val_loss":0.18188625799590036,"val_accuracy":95.30336257309942,"gradients/graph_2out_layer.weight":{"_type":"histogram","values":[4,12,5,1,3,2,2,4,10,22,25,14,28,16,42,173,248,592,678,687,844,1443,2028,2316,2924,3852,6439,7505,9173,12483,21822,79573,297921,21822,12483,9173,7504,6440,3852,2924,2316,2028,1443,844,687,678,592,248,173,42,16,28,14,25,22,10,4,2,2,3,1,5,12,4],"bins":[-0.004926042631268501,-0.0047721038572490215,-0.004618165083229542,-0.004464226309210062,-0.004310287535190582,-0.004156348295509815,-0.0040024095214903355,-0.0038484707474708557,-0.003694531973451376,-0.003540593199431896,-0.0033866544254124165,-0.003232715418562293,-0.0030787766445428133,-0.0029248378705233335,-0.00277089886367321,-0.0026169600896537304,-0.0024630213156342506,-0.002309082541614771,-0.002155143767595291,-0.0020012047607451677,-0.001847265986725688,-0.0016933272127062082,-0.0015393882058560848,-0.001385449431836605,-0.0012315106578171253,-0.0010775718837976456,-0.0009236331097781658,-0.0007696943357586861,-0.000615755096077919,-0.00046181632205843925,-0.0003078775480389595,-0.00015393877401947975,0,0.00015393877401947975,0.0003078775480389595,0.00046181632205843925,0.000615755096077919,0.0007696943357586861,0.0009236331097781658,0.0010775718837976456,0.0012315106578171253,0.001385449431836605,0.0015393882058560848,0.0016933272127062082,0.001847265986725688,0.0020012047607451677,0.002155143767595291,0.002309082541614771,0.0024630213156342506,0.0026169600896537304,0.00277089886367321,0.0029248378705233335,0.0030787766445428133,0.003232715418562293,0.0033866544254124165,0.003540593199431896,0.003694531973451376,0.0038484707474708557,0.0040024095214903355,0.004156348295509815,0.004310287535190582,0.004464226309210062,0.004618165083229542,0.0047721038572490215,0.004926042631268501]},"_wandb":{"runtime":1102},"parameters/graph_2conv_relu_pool.0.bias":{"values":[1,0,0,0,0,1,0,1,0,0,0,0,0,0,0,1,0,0,1,0,1,0,1,1,0,0,0,0,0,0,1,0,0,1,0,0,0,0,1,0,0,1,0,0,0,1,0,0,0,0,0,1,0,0,0,0,0,0,0,0,0,0,1,1],"bins":[-0.325642466545105,-0.31719857454299927,-0.30875468254089355,-0.30031079053878784,-0.29186689853668213,-0.28342297673225403,-0.2749790847301483,-0.2665351927280426,-0.2580913007259369,-0.24964740872383118,-0.24120351672172546,-0.23275960981845856,-0.22431571781635284,-0.21587182581424713,-0.20742791891098022,-0.1989840269088745,-0.1905401349067688,-0.18209624290466309,-0.17365235090255737,-0.16520844399929047,-0.15676455199718475,-0.14832065999507904,-0.13987675309181213,-0.13143286108970642,-0.12298896908760071,-0.114545077085495,-0.10610118508338928,-0.09765727818012238,-0.08921338617801666,-0.08076949417591095,-0.07232558727264404,-0.06388169527053833,-0.055437833070755005,-0.04699394106864929,-0.03855004906654358,-0.030106142163276672,-0.02166225016117096,-0.013218358159065247,-0.00477445125579834,0.003669440746307373,0.012113332748413086,0.0205572247505188,0.02900111675262451,0.03744502365589142,0.04588891565799713,0.054332807660102844,0.06277671456336975,0.07122060656547546,0.07966449856758118,0.08810839056968689,0.0965522900223732,0.10499618947505951,0.11344008147716522,0.12188397347927094,0.13032788038253784,0.13877177238464355,0.14721566438674927,0.15565955638885498,0.1641034483909607,0.1725473552942276,0.1809912472963333,0.18943513929843903,0.19787904620170593,0.20632293820381165,0.21476683020591736],"_type":"histogram"},"_step":29,"epoch":30,"gradients/graph_2conv_relu_pool.0.weight":{"bins":[-0.21113944053649902,-0.19998612999916077,-0.1888328343629837,-0.17767952382564545,-0.1665262132883072,-0.15537291765213013,-0.14421960711479187,-0.1330662965774536,-0.12191299349069595,-0.1107596904039383,-0.09960637986660004,-0.08845307677984238,-0.07729977369308472,-0.06614646315574646,-0.0549931526184082,-0.04383985698223114,-0.03268654644489288,-0.021533235907554626,-0.010379940271377563,0.0007733702659606934,0.01192668080329895,0.023079976439476013,0.03423328697681427,0.04538658261299133,0.05653989315032959,0.06769320368766785,0.0788465142250061,0.08999982476234436,0.10115313529968262,0.11230641603469849,0.12345972657203674,0.134613037109375,0.14576634764671326,0.1569196581840515,0.16807296872138977,0.17922627925872803,0.1903795599937439,0.20153287053108215,0.2126861810684204,0.22383949160575867,0.23499280214309692,0.24614611268043518,0.25729942321777344,0.2684527039527893,0.27960601449012756,0.2907593250274658,0.3019126355648041,0.31306594610214233,0.3242192268371582,0.33537256717681885,0.3465258479118347,0.357679158449173,0.36883246898651123,0.3799857795238495,0.39113909006118774,0.4022923707962036,0.41344568133354187,0.4245989918708801,0.4357523024082184,0.44690561294555664,0.4580589234828949,0.46921223402023315,0.480365514755249,0.4915188252925873,0.5026721358299255],"_type":"histogram",