{"_timestamp":1.7309373189660246e+09,"parameters/graph_7conv_stack.6.bias":{"_type":"histogram","values":[3,0,3,0,0,0,0,2,3,2,0,0,1,1,0,0,1,1,4,0,1,3,0,0,0,1,2,0,0,0,1,0,2,1,3,0,1,1,1,1,2,0,0,0,3,1,1,0,4,4,0,2,1,1,1,3,0,0,0,0,1,0,0,1],"bins":[-0.06241299957036972,-0.06041635572910309,-0.058419711887836456,-0.056423068046569824,-0.05442642420530319,-0.05242978036403656,-0.05043313279747963,-0.048436488956213,-0.046439845114946365,-0.04444320127367973,-0.0424465574324131,-0.04044990986585617,-0.03845326602458954,-0.036456622183322906,-0.034459978342056274,-0.03246333450078964,-0.03046669065952301,-0.028470046818256378,-0.026473402976989746,-0.024476759135723114,-0.022480115294456482,-0.02048346772789955,-0.01848682388663292,-0.016490180045366287,-0.014493536204099655,-0.012496892362833023,-0.010500248521566391,-0.008503604680299759,-0.006506957113742828,-0.004510313272476196,-0.002513669431209564,-0.0005170255899429321,0.001479610800743103,0.003476254642009735,0.005472898483276367,0.007469542324542999,0.009466186165809631,0.011462833732366562,0.013459477573633194,0.015456121414899826,0.017452765256166458,0.01944940909743309,0.021446052938699722,0.023442696779966354,0.025439344346523285,0.027435988187789917,0.02943263202905655,0.03142927587032318,0.03342591971158981,0.035422563552856445,0.03741920739412308,0.03941585123538971,0.04141249507665634,0.043409138917922974,0.045405786484479904,0.047402430325746536,0.04939907416701317,0.0513957180082798,0.05339236184954643,0.05538900941610336,0.057385653257369995,0.05938229709863663,0.06137894093990326,0.06337558478116989,0.06537222862243652]},"parameters/graph_7conv_stack.3.bias":{"bins":[-0.08581453561782837,-0.08348895609378815,-0.08116336911916733,-0.0788377895951271,-0.07651220262050629,-0.07418662309646606,-0.07186104357242584,-0.06953546404838562,-0.0672098770737648,-0.06488429009914398,-0.06255871057510376,-0.06023313105106354,-0.05790754780173302,-0.055581964552402496,-0.053256385028362274,-0.050930801779031754,-0.04860521852970123,-0.04627963528037071,-0.04395405203104019,-0.04162847250699997,-0.03930288925766945,-0.03697730600833893,-0.034651726484298706,-0.032326143234968185,-0.030000559985637665,-0.027674976736307144,-0.025349393486976624,-0.0230238139629364,-0.02069823443889618,-0.01837264746427536,-0.016047067940235138,-0.013721480965614319,-0.0113958939909935,-0.009070314466953278,-0.0067447274923324585,-0.004419147968292236,-0.0020935609936714172,0.00023201853036880493,0.002557598054409027,0.004883181303739548,0.007208764553070068,0.009534347802400589,0.01185993105173111,0.014185510575771332,0.016511093825101852,0.018836677074432373,0.021162256598472595,0.023487839847803116,0.025813423097133636,0.028139006346464157,0.030464589595794678,0.0327901691198349,0.03511575236916542,0.03744133561849594,0.03976691514253616,0.042092498391866684,0.044418081641197205,0.046743664890527725,0.049069248139858246,0.05139482766389847,0.05372041091322899,0.05604599416255951,0.05837157368659973,0.06069715693593025,0.06302274018526077],"_type":"histogram","values":[2,0,1,0,0,1,0,0,0,2,0,0,0,0,1,0,0,0,1,0,0,1,2,0,0,0,0,1,0,0,0,0,0,0,0,1,1,0,2,1,2,0,0,2,0,1,1,0,0,1,0,0,0,0,1,0,1,0,0,3,0,0,1,2]},"val_accuracy":91.96581196581197,"_wandb":{"runtime":299},"parameters/graph_7conv_stack.0.weight":{"bins":[-0.3431534469127655,-0.3328002393245697,-0.3224470317363739,-0.3120938241481781,-0.3017406165599823,-0.2913873791694641,-0.2810341715812683,-0.2706809639930725,-0.2603277564048767,-0.2499745488166809,-0.2396213412284851,-0.2292681336402893,-0.2189149260520935,-0.2085617184638977,-0.1982084959745407,-0.1878552883863449,-0.1775020807981491,-0.1671488732099533,-0.1567956656217575,-0.1464424431324005,-0.1360892355442047,-0.1257360279560089,-0.11538282036781311,-0.10502961277961731,-0.09467640519142151,-0.08432319760322571,-0.07396999001502991,-0.06361675262451172,-0.05326354503631592,-0.04291033744812012,-0.032557129859924316,-0.022203922271728516,-0.011850714683532715,-0.001497507095336914,0.008855700492858887,0.019208908081054688,0.02956211566925049,0.03991532325744629,0.05026856064796448,0.06062176823616028,0.07097497582435608,0.08132818341255188,0.09168139100074768,0.10203459858894348,0.11238780617713928,0.12274101376533508,0.13309423625469208,0.14344744384288788,0.15380065143108368,0.16415385901927948,0.17450706660747528,0.18486028909683228,0.19521349668502808,0.20556670427322388,0.21591991186141968,0.22627311944961548,0.23662632703781128,0.24697953462600708,0.2573327422142029,0.2676859498023987,0.27803918719291687,0.28839239478111267,0.29874560236930847,0.3090988099575043,0.3194520175457001],"_type":"histogram","values":[1,1,2,4,2,1,4,3,2,1,0,3,1,4,3,1,1,1,2,5,3,1,0,1,4,2,2,4,4,3,2,0,2,3,1,3,1,1,2,1,1,2,4,3,3,0,3,1,0,6,2,2,3,4,1,1,3,3,0,3,5,3,4,5]},"train_class_accuracy_NORMAL":95.41171250275352,"parameters/graph_7conv_stack.3.weight":{"values":[1,2,0,2,1,0,3,2,1,5,10,5,9,13,24,56,74,106,102,109,117,114,124,124,127,112,134,153,138,114,153,126,139,127,120,134,144,141,127,115,122,134,114,125,129,145,132,120,117,99,70,42,37,30,24,11,14,13,7,5,1,6,2,1],"bins":[-0.1680195927619934,-0.16312548518180847,-0.15823137760162354,-0.1533372849225998,-0.14844317734241486,-0.14354906976222992,-0.13865497708320618,-0.13376086950302124,-0.1288667619228363,-0.12397265434265137,-0.11907855421304703,-0.11418445408344269,-0.10929034650325775,-0.10439623892307281,-0.09950213879346848,-0.09460803866386414,-0.0897139310836792,-0.08481982350349426,-0.07992572337388992,-0.07503162324428558,-0.07013751566410065,-0.06524340808391571,-0.06034930795431137,-0.05545520782470703,-0.050561100244522095,-0.04566699266433716,-0.04077288508415222,-0.03587879240512848,-0.030984684824943542,-0.026090577244758606,-0.021196484565734863,-0.016302376985549927,-0.01140826940536499,-0.006514161825180054,-0.0016200542449951172,0.0032740384340286255,0.008168146014213562,0.013062253594398499,0.01795634627342224,0.022850453853607178,0.027744561433792114,0.03263866901397705,0.03753276914358139,0.04242686927318573,0.047320976853370667,0.0522150844335556,0.05710918456315994,0.06200328469276428,0.06689739227294922,0.07179149985313416,0.0766855999827385,0.08157970011234283,0.08647380769252777,0.09136791527271271,0.09626201540231705,0.10115611553192139,0.10605022311210632,0.11094433069229126,0.1158384308218956,0.12073253095149994,0.12562663853168488,0.1305207461118698,0.13541483879089355,0.1403089463710785,0.14520305395126343],"_type":"histogram"},"train_class_accuracy_PNEUMONIA":95.75122608085067,"val_class_accuracy_PNEUMONIA":91.33489461358313,"parameters/graph_7out_layer.bias":{"_type":"histogram","values":[1,0,0,0,0,0,0,0,0,0,0,0,0,0,0,0,0,0,0,0,0,0,0,0,0,0,0,0,0,0,0,0,0,0,0,0,0,0,0,0,0,0,0,0,0,0,0,0,0,0,0,0,0,0,0,0,0,0,0,0,0,0,0,1],