{"train_accuracy":96.2085308056872,"parameters/graph_1conv_relu_pool.0.weight":{"bins":[-0.34055301547050476,-0.32980915904045105,-0.31906527280807495,-0.30832141637802124,-0.29757753014564514,-0.28683367371559143,-0.27608978748321533,-0.2653459310531616,-0.2546020448207855,-0.2438581883907318,-0.2331143021583557,-0.222370445728302,-0.2116265743970871,-0.2008827030658722,-0.1901388317346573,-0.17939496040344238,-0.16865108907222748,-0.15790721774101257,-0.14716334640979767,-0.13641947507858276,-0.12567560374736786,-0.11493173241615295,-0.10418786108493805,-0.09344398975372314,-0.08270013332366943,-0.07195624709129333,-0.061212390661239624,-0.050468504428863525,-0.039724647998809814,-0.028980761766433716,-0.018236905336380005,-0.007493019104003906,0.0032508373260498047,0.013994693756103516,0.024738579988479614,0.035482436418533325,0.046226322650909424,0.056970179080963135,0.06771406531333923,0.07845792174339294,0.08920180797576904,0.09994566440582275,0.11068953573703766,0.12143340706825256,0.13217727839946747,0.14292114973068237,0.15366502106189728,0.16440889239311218,0.1751527637243271,0.185896635055542,0.1966405063867569,0.2073843777179718,0.2181282490491867,0.2288721203804016,0.23961597681045532,0.2503598630428314,0.26110371947288513,0.27184760570526123,0.28259146213531494,0.29333534836769104,0.30407920479774475,0.31482309103012085,0.32556694746017456,0.33631083369255066,0.34705469012260437],"_type":"histogram","values":[2,2,2,3,2,2,3,1,2,1,1,3,3,0,1,4,3,5,3,1,2,4,2,0,3,4,0,3,0,2,3,1,1,4,0,2,4,5,3,2,1,2,3,2,2,3,1,3,2,0,1,3,1,4,3,5,3,4,1,5,2,2,0,2]},"train_class_accuracy_PNEUMONIA":96.53070311289157,"parameters/graph_1out_layer.weight":{"_type":"histogram","values":[1,0,2,5,2,2,8,11,15,29,15,30,48,63,84,128,142,210,281,335,524,695,889,1217,1625,2112,2846,3782,5257,12323,27124,59851,68435,34698,16208,6633,4068,3163,2339,1718,1334,1006,734,591,388,301,229,165,116,103,76,50,36,24,24,14,13,8,4,2,3,4,0,1],"bins":[-0.10478023439645767,-0.1015220656991005,-0.09826389700174332,-0.09500573575496674,-0.09174756705760956,-0.08848939836025238,-0.0852312296628952,-0.08197306096553802,-0.07871489226818085,-0.07545673102140427,-0.07219856232404709,-0.06894039362668991,-0.06568222492933273,-0.062424059957265854,-0.059165891259908676,-0.0559077262878418,-0.05264955759048462,-0.04939138889312744,-0.04613322392106056,-0.042875055223703384,-0.039616890251636505,-0.03635872155427933,-0.03310055285692215,-0.029842384159564972,-0.026584215462207794,-0.023326054215431213,-0.020067885518074036,-0.016809716820716858,-0.01355154812335968,-0.010293379426002502,-0.007035218179225922,-0.003777049481868744,-0.0005188807845115662,0.0027392879128456116,0.005997456610202789,0.00925561785697937,0.012513786554336548,0.015771955251693726,0.019030123949050903,0.02228829264640808,0.025546453893184662,0.02880462259054184,0.03206279128789902,0.035320959985256195,0.03857912868261337,0.04183729365468025,0.04509546235203743,0.04835362732410431,0.05161179602146149,0.054869964718818665,0.058128129690885544,0.06138629838824272,0.0646444633603096,0.06790263205766678,0.07116080075502396,0.07441896945238113,0.07767713069915771,0.08093529939651489,0.08419346809387207,0.08745163679122925,0.09070980548858643,0.0939679741859436,0.09722613543272018,0.10048430413007736,0.10374247282743454]},"val_accuracy":91.62393162393163,"val_class_accuracy_PNEUMONIA":91.33489461358313,"gradients/graph_1out_layer.weight":{"_type":"histogram","values":[2,0,4,5,12,8,16,26,32,39,41,73,99,107,116,133,141,176,266,428,544,584,493,450,415,587,986,1593,2277,3685,7863,46268,173474,7863,3685,2277,1593,986,587,415,450,493,584,544,428,266,176,141,133,116,107,99,73,41,39,32,26,16,8,12,5,4,0,2],"bins":[-0.0180240236222744,-0.017460772767663002,-0.016897521913051605,-0.01633427105844021,-0.01577102020382881,-0.015207769349217415,-0.014644519425928593,-0.014081268571317196,-0.013518017716705799,-0.012954766862094402,-0.012391516007483006,-0.011828266084194183,-0.011265015229582787,-0.01070176437497139,-0.010138513520359993,-0.009575262665748596,-0.0090120118111372,-0.008448760956525803,-0.007885510101914406,-0.007322259247303009,-0.006759008392691612,-0.00619575846940279,-0.005632507614791393,-0.0050692567601799965,-0.0045060059055686,-0.003942755050957203,-0.003379504196345806,-0.0028162533417344093,-0.002253003418445587,-0.0016897525638341904,-0.0011265017092227936,-0.0005632508546113968,0,0.0005632508546113968,0.0011265017092227936,0.0016897525638341904,0.002253003418445587,0.0028162533417344093,0.003379504196345806,0.003942755050957203,0.0045060059055686,0.0050692567601799965,0.005632507614791393,0.00619575846940279,0.006759008392691612,0.007322259247303009,0.007885510101914406,0.008448760956525803,0.0090120118111372,0.009575262665748596,0.010138513520359993,0.01070176437497139,0.011265015229582787,0.011828266084194183,0.012391516007483006,0.012954766862094402,0.013518017716705799,0.014081268571317196,0.014644519425928593,0.015207769349217415,0.01577102020382881,0.01633427105844021,0.016897521913051605,0.017460772767663002,0.0180240236222744]},"parameters/graph_1out_layer.bias":{"values":[1,0,0,0,0,0,0,0,0,0,0,0,0,0,0,0,0,0,0,0,0,0,0,0,0,0,0,0,0,0,0,0,0,0,0,0,0,0,0,0,0,0,0,0,0,0,0,0,0,0,0,0,0,0,0,0,0,0,0,0,0,0,0,1],"bins":[-0.005202280357480049,-0.005010916851460934,-0.004819552879780531,-0.0046281893737614155,-0.004436825402081013,-0.004245461896061897,-0.004054098390042782,-0.0038627346511930227,-0.0036713709123432636,-0.0034800071734935045,-0.0032886434346437454,-0.00309727992862463,-0.002905916189774871,-0.0027145524509251118,-0.0025231889449059963,-0.0023318252060562372,-0.002140461467206478,-0.001949097728356719,-0.00175773398950696,-0.0015663704834878445,-0.0013750067446380854,-0.0011836430057883263,-0.0009922794997692108,-0.0008009155280888081,-0.0006095520220696926,-0.00041818851605057716,-0.0002268245443701744,-3.546103835105896e-05,0.0001559024676680565,0.00034726643934845924,0.0005386299453675747,0.0007299939170479774,0.0009213569574058056,0.001112720463424921,0.0013040844351053238,0.0014954479411244392,0.001686811912804842,0.0018781754188239574,0.002069538924843073,0.0022609028965234756,0.002452266402542591,0.0026436299085617065,0.0028349938802421093,0.0030263573862612247,0.003217721125110984,0.003409084863960743,0.0036004483699798584,0.0037918121088296175,0.003983175847679377,0.004174539819359779,0.004365903325378895,0.00455726683139801,0.004748630337417126,0.0049399943090975285,0.005131357815116644,0.005322721786797047,0.005514085292816162,0.0057054487988352776,0.00589681277051568,0.006088176276534796,0.0062795402482151985,0.006470903754234314,0.006662267260253429,0.006853631231933832,0.007044994737952948],"_type":"histogram"},"gradients/graph_1conv_relu_pool.3.weight":{"values":[1,1,1,2,2,1,1,0,0,0,0,0,0,0,0,0,0,0,0,0,0,0,3,3,2,1,6,3,5,1,1,0,2,2,2,4,6,6,6,15,7,11,23,18,86,140,409,3616,93,19,5,19,42,7,0,0,7,6,5,0,0,3,6,9],