{"parameters/graph_3out_layer.weight":{"values":[1,0,0,4,3,1,4,1,7,8,11,25,27,34,38,50,88,87,133,167,237,309,358,578,803,1260,2070,3884,8027,11074,26582,81184,73903,23529,10433,7753,3444,1942,1240,748,532,373,304,212,173,121,91,77,60,33,31,30,19,12,10,5,2,3,3,3,2,0,0,1],"bins":[-0.1852814108133316,-0.17948128283023834,-0.1736811399459839,-0.16788101196289062,-0.16208088397979736,-0.1562807410955429,-0.15048061311244965,-0.1446804702281952,-0.13888034224510193,-0.13308021426200867,-0.1272800713777542,-0.12147994339466095,-0.11567980796098709,-0.10987967252731323,-0.10407954454421997,-0.09827940911054611,-0.09247927367687225,-0.0866791382431984,-0.08087900280952454,-0.07507887482643127,-0.06927873939275742,-0.06347860395908356,-0.057678475975990295,-0.05187833309173584,-0.04607820510864258,-0.040278077125549316,-0.03447793424129486,-0.0286778062582016,-0.022877678275108337,-0.017077535390853882,-0.01127740740776062,-0.0054772645235061646,0.0003228485584259033,0.006122976541519165,0.01192311942577362,0.017723247408866882,0.023523390293121338,0.0293235182762146,0.03512364625930786,0.04092378914356232,0.04672391712665558,0.05252404510974884,0.058324187994003296,0.06412431597709656,0.06992445141077042,0.07572458684444427,0.08152471482753754,0.0873248502612114,0.09312498569488525,0.09892512112855911,0.10472525656223297,0.11052538454532623,0.11632551997900009,0.12212565541267395,0.1279257833957672,0.13372591137886047,0.13952605426311493,0.14532619714736938,0.15112632513046265,0.1569264531135559,0.16272658109664917,0.16852672398090363,0.1743268519639969,0.18012699484825134,0.1859271228313446],"_type":"histogram"},"parameters/graph_3conv_relu_pool.0.weight":{"bins":[-0.3616853654384613,-0.35044005513191223,-0.33919471502304077,-0.3279494047164917,-0.3167040944099426,-0.30545875430107117,-0.2942134439945221,-0.28296810388565063,-0.27172279357910156,-0.2604774832725525,-0.24923214316368103,-0.23798683285713196,-0.2267415076494217,-0.21549618244171143,-0.20425087213516235,-0.1930055469274521,-0.18176022171974182,-0.17051489651203156,-0.1592695713043213,-0.14802426099777222,-0.13677893579006195,-0.12553361058235168,-0.11428830027580261,-0.10304296016693115,-0.09179764986038208,-0.08055233955383301,-0.06930699944496155,-0.058061689138412476,-0.0468163788318634,-0.03557103872299194,-0.02432572841644287,-0.013080388307571411,-0.0018350481986999512,0.009410262107849121,0.02065560221672058,0.03190091252326965,0.04314625263214111,0.054391562938690186,0.06563687324523926,0.07688221335411072,0.08812752366065979,0.09937283396720886,0.11061817407608032,0.1218634843826294,0.13310880959033966,0.14435413479804993,0.155599445104599,0.16684477031230927,0.17809009552001953,0.1893354207277298,0.20058074593544006,0.21182605624198914,0.2230713814496994,0.23431670665740967,0.24556201696395874,0.2568073272705078,0.2680526673793793,0.27929800748825073,0.2905433177947998,0.3017886281013489,0.31303393840789795,0.3242792785167694,0.3355245888233185,0.34676992893218994,0.358015239238739],"_type":"histogram","values":[3,0,1,3,2,0,3,5,3,5,3,2,2,2,2,3,0,3,1,5,2,1,1,3,1,2,2,5,1,1,1,3,5,2,2,4,3,2,3,1,1,3,3,2,1,4,1,0,1,4,5,3,3,0,1,2,3,1,4,2,2,3,1,1]},"train_accuracy":95.3672075149445,"parameters/graph_3conv_relu_pool.0.bias":{"_type":"histogram","values":[1,0,0,0,0,0,0,1,0,0,0,0,0,0,0,0,0,1,0,0,0,0,0,0,2,0,0,1,1,0,1,0,0,0,0,0,0,1,0,0,0,0,0,1,0,0,0,0,2,0,0,1,0,0,0,0,0,1,0,1,0,0,0,1],"bins":[-0.27192142605781555,-0.2630898952484131,-0.2542583644390106,-0.24542684853076935,-0.23659533262252808,-0.2277638018131256,-0.21893227100372314,-0.21010074019432068,-0.2012692242860794,-0.19243770837783813,-0.18360617756843567,-0.1747746467590332,-0.16594311594963074,-0.15711160004138947,-0.148280069231987,-0.13944855332374573,-0.13061702251434326,-0.1217854917049408,-0.11295397579669952,-0.10412244498729706,-0.09529092907905579,-0.08645939826965332,-0.07762786746025085,-0.06879635155200958,-0.05996482074260712,-0.05113328993320465,-0.04230177402496338,-0.03347024321556091,-0.024638712406158447,-0.01580718159675598,-0.006975680589675903,0.0018558502197265625,0.01068735122680664,0.019518882036209106,0.028350412845611572,0.03718191385269165,0.046013444662094116,0.05484497547149658,0.06367650628089905,0.07250802218914032,0.08133955299854279,0.09017108380794525,0.09900259971618652,0.10783413052558899,0.11666566133499146,0.12549717724323273,0.1343287080526352,0.14316022396087646,0.15199175477027893,0.1608232855796814,0.16965480148792267,0.17848633229732513,0.1873178482055664,0.19614937901496887,0.20498090982437134,0.2138124406337738,0.22264395654201508,0.23147547245025635,0.2403070032596588,0.24913853406906128,0.25797006487846375,0.2668015956878662,0.2756330966949463,0.28446462750434875,0.2932961583137512]},"gradients/graph_3conv_relu_pool.0.weight":{"_type":"histogram","values":[6,0,3,0,0,0,0,0,0,0,0,0,0,0,0,0,0,0,0,0,0,0,0,0,0,0,0,0,0,0,0,0,0,0,0,1,2,1,2,0,5,7,2,8,3,6,4,8,7,3,12,10,12,5,1,2,4,3,6,4,2,2,10,3],"bins":[-0.16525404155254364,-0.16215890645980835,-0.15906378626823425,-0.15596865117549896,-0.15287353098392487,-0.14977839589118958,-0.14668327569961548,-0.1435881406068802,-0.1404930204153061,-0.1373978853225708,-0.1343027651309967,-0.1312076300382614,-0.12811250984668732,-0.12501737475395203,-0.12192225456237793,-0.11882711946964264,-0.11573199927806854,-0.11263686418533325,-0.10954174399375916,-0.10644660890102386,-0.10335148870944977,-0.10025635361671448,-0.09716122597455978,-0.09406609833240509,-0.0909709706902504,-0.0878758430480957,-0.08478071540594101,-0.08168558776378632,-0.07859046012163162,-0.07549533247947693,-0.07240020483732224,-0.06930507719516754,-0.06620995700359344,-0.06311482191085815,-0.06001969799399376,-0.056924570351839066,-0.05382944270968437,-0.05073431506752968,-0.047639187425374985,-0.04454405978322029,-0.0414489321410656,-0.038353804498910904,-0.03525867685675621,-0.03216354921460152,-0.029068417847156525,-0.02597329020500183,-0.022878162562847137,-0.019783034920692444,-0.01668790727853775,-0.013592779636383057,-0.010497651994228363,-0.007402524352073669,-0.004307396709918976,-0.0012122690677642822,0.0018828604370355606,0.004977988079190254,0.008073115721344948,0.011168243363499641,0.014263371005654335,0.017358500510454178,0.02045362815260887,0.023548755794763565,0.02664388343691826,0.029739011079072952,0.032834138721227646]},"epoch":10,"val_class_accuracy_PNEUMONIA":94.84777517564403,"gradients/graph_3out_layer.weight":{"bins":[-0.012892386876046658,-0.012489499524235725,-0.012086613103747368,-0.011683725751936436,-0.011280838400125504,-0.010877951979637146,-0.010475064627826214,-0.010072177276015282,-0.009669290855526924,-0.009266403503715992,-0.00886351615190506,-0.008460629731416702,-0.00805774237960577,-0.007654855027794838,-0.007251968141645193,-0.006849080789834261,-0.006446193903684616,-0.006043307017534971,-0.005640419665724039,-0.005237532779574394,-0.004834645427763462,-0.0044317590072751045,-0.004028871655464172,-0.00362598430365324,-0.0032230978831648827,-0.0028202105313539505,-0.0024173231795430183,-0.002014435827732086,-0.0016115494072437286,-0.0012086620554327965,-0.0008057747036218643,-0.0004028882831335068,0,0.00040288735181093216,0.0008057737722992897,0.0012086611241102219,0.001611548475921154,0.0020144348964095116,0.0024173222482204437,0.002820209600031376,0.003223096951842308,0.0036259833723306656,0.004028870724141598,0.00443175807595253,0.0048346444964408875,0.00523753184825182,0.0056404187344014645,0.006043306086212397,0.0064461929723620415,0.006849079858511686,0.0072519672103226185,0.007654854096472263,0.008057741448283195,0.008460627868771553,0.008863515220582485,0.009266402572393417,0.009669288992881775,0.010072176344692707,0.01047506369650364,0.010877950116991997,0.011280837468802929,0.011683724820613861,0.012086612172424793,0.01248949859291315,0.012892385944724083],"_type":"histogram",