{"val_class_accuracy_PNEUMONIA":94.14519906323186,"parameters/graph_4out_layer.weight":{"values":[1,0,0,0,0,2,0,1,2,1,7,6,4,9,9,9,21,21,52,69,107,191,350,465,739,1118,1841,2730,3935,6971,28490,74122,84190,35646,8347,4262,2939,1963,1279,814,492,352,237,128,72,49,24,22,12,9,8,6,6,5,4,1,1,0,2,0,0,0,0,1],"bins":[-0.15029403567314148,-0.14561179280281067,-0.14092954993247986,-0.13624730706214905,-0.13156506419181824,-0.12688282132148743,-0.12220058590173721,-0.117518350481987,-0.11283610761165619,-0.10815386474132538,-0.10347162187099457,-0.09878937900066376,-0.09410713613033295,-0.08942489326000214,-0.08474265784025192,-0.08006041496992111,-0.0753781720995903,-0.07069592922925949,-0.06601368635892868,-0.06133145093917847,-0.056649208068847656,-0.051966965198516846,-0.047284722328186035,-0.042602479457855225,-0.037920236587524414,-0.0332380011677742,-0.02855575829744339,-0.023873522877693176,-0.019191280007362366,-0.014509037137031555,-0.009826794266700745,-0.005144551396369934,-0.00046230852603912354,0.004219934344291687,0.008902177214622498,0.013584420084953308,0.01826666295528412,0.02294890582561493,0.027631141245365143,0.03231338411569595,0.03699561953544617,0.04167786240577698,0.04636010527610779,0.0510423481464386,0.05572459101676941,0.06040683388710022,0.06508906930685043,0.06977131217718124,0.07445355504751205,0.07913579791784286,0.08381804078817368,0.08850027620792389,0.0931825190782547,0.09786476194858551,0.10254700481891632,0.10722924768924713,0.11191149055957794,0.11659373342990875,0.12127596884965897,0.12595820426940918,0.13064044713974,0.1353226900100708,0.1400049328804016,0.14468717575073242,0.14936941862106323],"_type":"histogram"},"parameters/graph_4conv_relu_pool.0.bias":{"values":[1,0,0,0,0,1,0,0,1,0,1,0,0,0,0,0,0,0,0,0,0,0,1,0,0,1,1,0,0,0,0,0,1,0,0,0,0,0,1,0,0,0,1,0,0,0,1,0,0,0,0,0,0,1,0,0,0,0,0,1,1,0,0,2],"bins":[-0.3073546886444092,-0.29774171113967896,-0.28812873363494873,-0.2785157561302185,-0.2689027786254883,-0.25928980112075806,-0.24967680871486664,-0.2400638312101364,-0.2304508537054062,-0.22083787620067596,-0.21122489869594574,-0.20161190629005432,-0.1919989287853241,-0.18238595128059387,-0.17277297377586365,-0.16315999627113342,-0.1535470187664032,-0.14393404126167297,-0.13432106375694275,-0.12470808625221252,-0.1150951087474823,-0.10548211634159088,-0.09586913883686066,-0.08625616133213043,-0.07664318382740021,-0.06703020632266998,-0.05741722881793976,-0.04780423641204834,-0.038191258907318115,-0.02857828140258789,-0.018965303897857666,-0.009352326393127441,0.0002606511116027832,0.009873628616333008,0.019486606121063232,0.029099583625793457,0.03871256113052368,0.048325538635253906,0.057938531041145325,0.06755150854587555,0.07716448605060577,0.086777463555336,0.09639044106006622,0.10600341856479645,0.11561641097068787,0.1252293884754181,0.13484236598014832,0.14445534348487854,0.15406832098960876,0.163681298494339,0.1732942759990692,0.18290725350379944,0.19252023100852966,0.2021332085132599,0.2117462009191513,0.22135917842388153,0.23097215592861176,0.24058513343334198,0.2501981258392334,0.2598111033439636,0.26942408084869385,0.2790370583534241,0.2886500358581543,0.2982630133628845,0.30787599086761475],"_type":"histogram"},"gradients/graph_4conv_relu_pool.0.bias":{"values":[1,0,0,0,0,0,0,0,0,0,0,0,0,0,0,1,0,0,1,1,0,0,2,1,0,1,0,2,0,0,0,1,1,0,1,0,0,0,0,0,0,0,0,0,0,0,0,0,1,0,0,0,0,0,0,0,0,0,0,0,0,0,1,1],"bins":[-0.10126782953739166,-0.09827153384685516,-0.09527523815631866,-0.09227894991636276,-0.08928265422582626,-0.08628635853528976,-0.08329007029533386,-0.08029377460479736,-0.07729747891426086,-0.07430118322372437,-0.07130488753318787,-0.06830859929323196,-0.06531230360269547,-0.062316007912158966,-0.059319715946912766,-0.056323423981666565,-0.053327128291130066,-0.05033083260059357,-0.047334540635347366,-0.044338248670101166,-0.04134195297956467,-0.03834565728902817,-0.035349369049072266,-0.03235307335853577,-0.029356777667999268,-0.02636048197746277,-0.02336418628692627,-0.020367898046970367,-0.01737160235643387,-0.01437530666589737,-0.011379018425941467,-0.008382722735404968,-0.005386434495449066,-0.002390138804912567,0.0006061568856239319,0.003602445125579834,0.006598740816116333,0.009595036506652832,0.012591324746608734,0.015587620437145233,0.018583916127681732,0.02158021181821823,0.02457650750875473,0.027572795748710632,0.03056909143924713,0.03356538712978363,0.03656167909502983,0.03955797106027603,0.04255426675081253,0.04555056244134903,0.04854685440659523,0.05154314637184143,0.05453944206237793,0.05753573775291443,0.06053202971816063,0.06352832168340683,0.06652461737394333,0.06952091306447983,0.07251720130443573,0.07551349699497223,0.07850979268550873,0.08150608837604523,0.08450238406658173,0.08749867230653763,0.09049496799707413],"_type":"histogram"},"val_loss":0.15248344051532256,"_timestamp":1.7309351848787107e+09,"train_class_accuracy_NORMAL":95.29755320431202,"parameters/graph_4out_layer.bias":{"_type":"histogram","values":[1,0,0,0,0,0,0,0,0,0,0,0,0,0,0,0,0,0,0,0,0,0,0,0,0,0,0,0,0,0,0,0,0,0,0,0,0,0,0,0,0,0,0,0,0,0,0,0,0,0,0,0,0,0,0,0,0,0,0,0,0,0,0,1],"bins":[-0.02039610594511032,-0.019796673208475113,-0.019197240471839905,-0.018597805872559547,-0.01799837313592434,-0.01739894039928913,-0.016799507662653923,-0.016200074926018715,-0.015600641258060932,-0.01500120759010315,-0.014401774853467941,-0.013802342116832733,-0.013202909380197525,-0.012603475712239742,-0.012004042975604534,-0.011404609307646751,-0.010805176571011543,-0.010205743834376335,-0.009606310166418552,-0.009006877429783344,-0.008407443761825562,-0.007808011025190353,-0.007208578288555145,-0.0066091446205973625,-0.006009711883962154,-0.005410279147326946,-0.0048108454793691635,-0.004211412742733955,-0.0036119800060987473,-0.003012547269463539,-0.0024131126701831818,-0.0018136799335479736,-0.0012142490595579147,-0.0006148163229227066,-1.5383586287498474e-05,0.0005840510129928589,0.001183483749628067,0.0017829164862632751,0.0023823492228984833,0.002981782890856266,0.003581215627491474,0.004180648364126682,0.004780082032084465,0.005379514768719673,0.005978947505354881,0.006578381173312664,0.007177813909947872,0.007777247577905655,0.008376680314540863,0.008976113051176071,0.009575546719133854,0.010174979455769062,0.010774413123726845,0.011373845860362053,0.011973278596997261,0.01257271133363247,0.013172145001590252,0.013771578669548035,0.014371011406183243,0.014970444142818451,0.015569876879453659,0.016169309616088867,0.016768744215369225,0.017368176952004433,0.01796760968863964]},"gradients/graph_4conv_relu_pool.0.weight":{"values":[3,1,2,0,0,0,1,1,1,0,0,0,2,3,3,1,0,0,0,3,3,7,11,4,3,2,9,3,0,1,2,3,3,5,3,5,4,2,7,8,4,6,7,3,1,7,1,0,0,0,0,0,0,0,0,0,0,0,0,0,0,1,3,5],