{"_runtime":505.7679946,"gradients/graph_1conv_relu_pool.0.bias":{"_type":"histogram","values":[2,0,0,0,0,1,0,1,0,0,1,0,0,0,0,0,0,0,1,1,0,0,0,0,0,0,0,1,0,0,0,1,1,0,0,0,1,0,1,0,1,1,1,0,0,0,0,0,0,0,0,0,0,0,0,0,0,0,0,0,0,0,0,1],"bins":[-0.06309545040130615,-0.060843437910079956,-0.05859142914414406,-0.05633941665291786,-0.054087407886981964,-0.05183539539575577,-0.04958338290452957,-0.047331370413303375,-0.04507936164736748,-0.04282735288143158,-0.04057534039020538,-0.03832332789897919,-0.03607131540775299,-0.03381930664181709,-0.0315672941505909,-0.029315285384655,-0.027063272893428802,-0.024811260402202606,-0.02255925163626671,-0.020307239145040512,-0.018055230379104614,-0.015803217887878418,-0.013551205396652222,-0.011299196630716324,-0.009047184139490128,-0.006795171648263931,-0.0045431628823280334,-0.002291150391101837,-3.913789987564087e-05,0.0022128745913505554,0.004464879631996155,0.006716892123222351,0.008968912065029144,0.01122092455625534,0.013472937047481537,0.015724942088127136,0.017976954579353333,0.02022896707057953,0.022480979561805725,0.024732988327741623,0.02698500081896782,0.029237013310194016,0.03148902207612991,0.03374103456735611,0.035993047058582306,0.038245055824518204,0.0404970683157444,0.0427490770816803,0.045001089572906494,0.04725310206413269,0.04950511083006859,0.051757123321294785,0.05400913208723068,0.05626114457845688,0.058513157069683075,0.06076516956090927,0.06301717460155487,0.06526918709278107,0.06752119958400726,0.06977321207523346,0.07202522456645966,0.07427723705768585,0.07652924209833145,0.07878125458955765,0.08103326708078384]},"val_accuracy":93.9873417721519,"gradients/graph_1conv_relu_pool.3.weight":{"values":[1,3,1,0,2,3,2,0,0,0,0,0,0,0,0,0,3,1,1,0,1,0,0,0,0,2,2,0,4,7,7,6,6,1,9,21,21,24,35,41,59,59,83,141,280,3345,173,62,50,40,30,21,16,14,7,4,2,2,2,5,2,3,3,1],"bins":[-0.1034526526927948,-0.10118448734283447,-0.09891632199287415,-0.09664814919233322,-0.0943799838423729,-0.09211181849241257,-0.08984365314245224,-0.08757548034191132,-0.08530731499195099,-0.08303914964199066,-0.08077098429203033,-0.07850281894207001,-0.07623465359210968,-0.07396648079156876,-0.07169831544160843,-0.0694301426410675,-0.06716197729110718,-0.06489381194114685,-0.06262564659118652,-0.060357481241226196,-0.05808931216597557,-0.055821146816015244,-0.05355297774076462,-0.05128481239080429,-0.049016647040843964,-0.04674847796559334,-0.04448031261563301,-0.042212143540382385,-0.03994397819042206,-0.03767581284046173,-0.03540764003992081,-0.03313947468996048,-0.03087131306529045,-0.028603147715330124,-0.026334982365369797,-0.024066809564828873,-0.021798644214868546,-0.01953047886490822,-0.017262309789657593,-0.014994144439697266,-0.01272597536444664,-0.010457810014486313,-0.008189644664525986,-0.00592147558927536,-0.003653310239315033,-0.0013851411640644073,0.0008830241858959198,0.0031511932611465454,0.0054193586111068726,0.0076875239610672,0.009955693036317825,0.012223860248923302,0.014492027461528778,0.016760192811489105,0.01902836002409458,0.021296527236700058,0.023564694449305534,0.02583286166191101,0.028101028874516487,0.030369196087121964,0.03263736143708229,0.034905530512332916,0.03717369586229324,0.03944186493754387,0.041710030287504196],"_type":"histogram"},"parameters/graph_1conv_relu_pool.0.weight":{"values":[2,0,2,6,0,0,4,2,1,3,3,2,2,3,3,1,5,2,2,1,4,1,1,2,7,2,1,3,3,3,3,3,4,3,2,2,1,4,1,1,1,3,3,3,1,3,3,3,2,2,1,1,2,1,1,2,0,4,2,1,4,3,2,1],"bins":[-0.34569746255874634,-0.33470797538757324,-0.32371848821640015,-0.31272897124290466,-0.30173948407173157,-0.29074999690055847,-0.279760479927063,-0.2687709927558899,-0.2577815055847168,-0.2467920184135437,-0.2358025163412094,-0.22481301426887512,-0.21382352709770203,-0.20283403992652893,-0.19184453785419464,-0.18085503578186035,-0.16986554861068726,-0.15887606143951416,-0.14788655936717987,-0.13689705729484558,-0.12590757012367249,-0.11491808295249939,-0.1039285808801651,-0.09293907880783081,-0.08194959163665771,-0.07096010446548462,-0.05997061729431152,-0.04898110032081604,-0.037991613149642944,-0.02700212597846985,-0.016012609004974365,-0.0050231218338012695,0.0059663355350494385,0.016955822706222534,0.02794530987739563,0.03893482685089111,0.04992431402206421,0.060913801193237305,0.07190331816673279,0.08289280533790588,0.09388229250907898,0.10487177968025208,0.11586128175258636,0.12685078382492065,0.13784027099609375,0.14882975816726685,0.15981926023960114,0.17080876231193542,0.18179824948310852,0.19278773665428162,0.2037772387266159,0.2147667407989502,0.2257562279701233,0.2367457151412964,0.24773521721363068,0.25872471928596497,0.26971420645713806,0.28070369362831116,0.29169321060180664,0.30268269777297974,0.31367218494415283,0.3246616721153259,0.335651159286499,0.3466406762599945,0.3576301634311676],"_type":"histogram"},"gradients/graph_1out_layer.bias":{"bins":[-0.0014313515275716782,-0.0013866216177120805,-0.0013418917078524828,-0.0012971617979928851,-0.0012524318881332874,-0.001207701861858368,-0.0011629719519987702,-0.0011182420421391726,-0.0010735121322795749,-0.0010287822224199772,-0.0009840523125603795,-0.0009393223444931209,-0.0008945924346335232,-0.0008498625247739255,-0.000805132556706667,-0.0007604026468470693,-0.0007156727369874716,-0.0006709428271278739,-0.0006262129172682762,-0.0005814829492010176,-0.0005367530393414199,-0.0004920231294818223,-0.00044729316141456366,-0.000402563251554966,-0.0003578333416953683,-0.0003131034318357706,-0.0002683735219761729,-0.00022364361211657524,-0.00017891358584165573,-0.00013418367598205805,-8.945376612246037e-05,-4.472385626286268e-05,6.05359673500061e-09,4.4735963456332684e-05,8.946587331593037e-05,0.00013419578317552805,0.00017892569303512573,0.00022365571931004524,0.0002683856291696429,0.0003131155390292406,0.0003578454488888383,0.000402575358748436,0.00044730526860803366,0.0004920352366752923,0.0005367651465348899,0.0005814950563944876,0.0006262250244617462,0.0006709549343213439,0.0007156848441809416,0.0007604147540405393,0.000805144663900137,0.0008498746319673955,0.0008946045418269932,0.0009393344516865909,0.0009840644197538495,0.0010287943296134472,0.0010735242394730449,0.0011182541493326426,0.0011629840591922402,0.001207713969051838,0.0012524439953267574,0.0012971739051863551,0.0013419038150459528,0.0013866337249055505,0.0014313636347651482],"_type":"histogram","values":[1,0,0,0,0,0,0,0,0,0,0,0,0,0,0,0,0,0,0,0,0,0,0,0,0,0,0,0,0,0,0,0,0,0,0,0,0,0,0,0,0,0,0,0,0,0,0,0,0,0,0,0,0,0,0,0,0,0,0,0,0,0,0,1]},"train_accuracy":95.260663507109,"parameters/graph_1conv_relu_pool.3.bias":{"bins":[-0.08006007224321365,-0.07771863788366318,-0.0753771960735321,-0.07303576171398163,-0.07069432735443115,-0.06835289299488068,-0.0660114511847496,-0.06367001682519913,-0.06132858246564865,-0.05898714438080788,-0.0566457062959671,-0.054304271936416626,-0.05196283385157585,-0.04962139576673508,-0.0472799614071846,-0.044938527047634125,-0.04259708896279335,-0.040255650877952576,-0.0379142165184021,-0.035572778433561325,-0.03323134407401085,-0.030889905989170074,-0.0285484716296196,-0.026207033544778824,-0.02386559545993805,-0.021524161100387573,-0.0191827230155468,-0.016841284930706024,-0.014499850571155548,-0.012158416211605072,-0.009816981852054596,-0.007475540041923523,-0.005134105682373047,-0.002792671322822571,-0.0004512295126914978,0.0018902048468589783,0.004231639206409454,0.00657307356595993,0.008914511650800705,0.01125594973564148,0.013597384095191956,0.01593882218003273,0.018280260264873505,0.02062169462442398,0.022963132709264755,0.02530456706881523,0.027646005153656006,0.029987439513206482,0.032328877598047256,0.03467031568288803,0.03701175004243851,0.03935318440198898,0.04169462248682976,0.04403606057167053,0.04637749493122101,0.04871893301606178,0.05106037110090256,0.05340180546045303,0.05574323982000351,0.058084677904844284,0.06042611598968506,0.06276755034923553,0.06510898470878601,0.06745042651891708,0.06979186087846756],"_type":"histogram",