{"parameters/out_layer.weight":{"bins":[-0.13860943913459778,-0.1342487782239914,-0.129888117313385,-0.12552747130393982,-0.12116681039333344,-0.11680614948272705,-0.11244549602270126,-0.10808484256267548,-0.10372418165206909,-0.09936352074146271,-0.09500286728143692,-0.09064221382141113,-0.08628155291080475,-0.08192089200019836,-0.07756023854017258,-0.07319958508014679,-0.0688389241695404,-0.06447826325893402,-0.060117609798908234,-0.055756956338882446,-0.05139629542827606,-0.04703563451766968,-0.04267498105764389,-0.0383143275976181,-0.03395366668701172,-0.029593005776405334,-0.025232352316379547,-0.02087169885635376,-0.016511037945747375,-0.012150377035140991,-0.007789731025695801,-0.0034290701150894165,0.0009315907955169678,0.005292251706123352,0.009652912616729736,0.014013558626174927,0.01837421953678131,0.022734880447387695,0.027095533907413483,0.03145618736743927,0.035816848278045654,0.04017750918865204,0.044538162648677826,0.04889881610870361,0.05325947701931,0.05762013792991638,0.06198079138994217,0.06634144484996796,0.07070210576057434,0.07506276667118073,0.07942342013120651,0.0837840735912323,0.08814473450183868,0.09250539541244507,0.09686604887247086,0.10122670233249664,0.10558736324310303,0.10994802415370941,0.1143086776137352,0.11866933107376099,0.12302999198436737,0.12739065289497375,0.13175129890441895,0.13611195981502533,0.1404726207256317],"_type":"histogram","values":[1,0,0,0,3,5,4,8,11,22,24,44,59,70,98,116,167,247,339,422,611,857,1287,1782,2461,3548,5099,7367,10777,16442,26946,68455,49441,21616,13429,9314,6168,4407,3044,2129,1541,1119,689,554,376,280,220,135,98,95,70,49,32,26,15,7,6,5,6,0,0,0,0,1]},"parameters/conv_relu_pool.3.bias":{"_type":"histogram","values":[1,0,1,0,0,0,1,2,1,3,0,1,0,1,1,1,1,0,0,0,0,0,0,0,1,0,1,0,0,1,0,0,0,0,0,0,0,0,1,0,0,1,0,1,1,1,1,1,0,1,0,0,1,0,0,0,1,1,0,2,0,0,1,1],"bins":[-0.09768957644701004,-0.09491974115371704,-0.09214990586042404,-0.08938007056713104,-0.08661023527383804,-0.08384039998054504,-0.08107056468725204,-0.07830072939395905,-0.07553089410066605,-0.07276105880737305,-0.06999122351408005,-0.06722138822078705,-0.06445155292749405,-0.06168171763420105,-0.05891188234090805,-0.05614204704761505,-0.05337221175432205,-0.05060237646102905,-0.04783254116773605,-0.045062705874443054,-0.042292870581150055,-0.039523035287857056,-0.036753199994564056,-0.03398336470127106,-0.031213529407978058,-0.02844369411468506,-0.02567385882139206,-0.02290402352809906,-0.02013418823480606,-0.01736435294151306,-0.014594517648220062,-0.011824682354927063,-0.009054839611053467,-0.0062850043177604675,-0.0035151690244674683,-0.000745333731174469,0.0020245015621185303,0.0047943368554115295,0.007564172148704529,0.010334007441997528,0.013103842735290527,0.015873678028583527,0.018643513321876526,0.021413348615169525,0.024183183908462524,0.026953019201755524,0.029722854495048523,0.03249268978834152,0.03526252508163452,0.03803236037492752,0.04080219566822052,0.04357203096151352,0.04634186625480652,0.04911170154809952,0.05188153684139252,0.054651372134685516,0.057421207427978516,0.060191042721271515,0.06296087801456451,0.06573071330785751,0.06850054860115051,0.07127038389444351,0.07404021918773651,0.07681005448102951,0.07957988977432251]},"train_accuracy":95.81358609794628,"_step":13,"parameters/conv_relu_pool.0.bias":{"_type":"histogram","values":[1,0,1,0,0,0,0,0,0,0,0,1,0,0,0,0,0,0,0,0,1,0,0,0,3,1,0,0,0,0,2,1,0,0,0,0,0,0,1,0,0,0,0,1,0,0,1,0,0,0,1,0,0,0,0,0,0,0,0,0,0,0,0,1],"bins":[-0.27329349517822266,-0.26511648297309875,-0.25693947076797485,-0.24876245856285095,-0.24058544635772705,-0.23240843415260315,-0.22423142194747925,-0.21605440974235535,-0.20787739753723145,-0.19970038533210754,-0.19152337312698364,-0.18334636092185974,-0.17516933381557465,-0.16699232161045074,-0.15881530940532684,-0.15063829720020294,-0.14246128499507904,-0.13428427278995514,-0.12610726058483124,-0.11793024837970734,-0.10975323617458344,-0.10157622396945953,-0.09339921176433563,-0.08522219955921173,-0.07704517245292664,-0.06886816024780273,-0.06069114804267883,-0.05251413583755493,-0.04433712363243103,-0.03616011142730713,-0.027983099222183228,-0.019806087017059326,-0.011629074811935425,-0.0034520626068115234,0.004724949598312378,0.01290196180343628,0.02107897400856018,0.029255986213684082,0.03743299841880798,0.045610010623931885,0.053787022829055786,0.06196404993534088,0.07014106214046478,0.07831807434558868,0.08649508655071259,0.09467209875583649,0.10284911096096039,0.11102612316608429,0.11920313537120819,0.1273801475763321,0.135557159781456,0.1437341719865799,0.1519111841917038,0.1600882112979889,0.1682652235031128,0.1764422357082367,0.1846192479133606,0.1927962601184845,0.2009732723236084,0.2091502845287323,0.2173272967338562,0.2255043089389801,0.233681321144104,0.2418583333492279,0.2500353455543518]},"parameters/conv_relu_pool.3.weight":{"_type":"histogram","values":[4,1,0,1,5,3,2,9,15,34,45,81,106,128,141,156,164,154,146,159,165,145,161,161,172,144,160,156,157,176,173,163,169,176,147,155,143,123,129,100,52,34,29,19,13,5,3,4,0,3,3,0,2,0,0,4,2,1,1,1,0,2,0,1],"bins":[-0.1613844931125641,-0.15542282164096832,-0.14946113526821136,-0.1434994637966156,-0.13753779232501984,-0.13157612085342407,-0.12561443448066711,-0.11965276300907135,-0.11369108408689499,-0.10772940516471863,-0.10176773369312286,-0.0958060547709465,-0.08984437584877014,-0.08388270437717438,-0.07792102545499802,-0.07195935398340225,-0.06599767506122589,-0.06003599613904953,-0.054074324667453766,-0.048112645745277405,-0.04215097427368164,-0.03618928790092468,-0.03022761642932892,-0.024265944957733154,-0.018304258584976196,-0.012342587113380432,-0.006380915641784668,-0.0004192441701889038,0.005542442202568054,0.011504113674163818,0.017465785145759583,0.02342747151851654,0.02938912808895111,0.035350799560546875,0.04131248593330383,0.0472741574048996,0.05323582887649536,0.05919751524925232,0.06515918672084808,0.07112085819244385,0.07708252966403961,0.08304421603679657,0.08900588750839233,0.0949675589799881,0.10092924535274506,0.10689091682434082,0.11285259574651718,0.11881426721811295,0.1247759461402893,0.13073763251304626,0.13669928908348083,0.1426609754562378,0.14862264692783356,0.15458431839942932,0.16054600477218628,0.16650767624378204,0.1724693477153778,0.17843103408813477,0.18439270555973053,0.1903543770313263,0.19631606340408325,0.20227773487567902,0.20823940634727478,0.21420109272003174,0.2201627641916275]},"_wandb":{"runtime":355},"val_class_accuracy_PNEUMONIA":96.20253164556962,"_timestamp":1.7307608458706834e+09,"parameters/conv_relu_pool.0.weight":{"values":[3,2,2,3,3,0,6,3,3,2,2,2,2,2,4,2,3,2,3,1,2,1,4,1,2,4,2,4,4,0,1,4,1,0,3,2,0,0,3,3,1,3,3,2,4,1,2,4,1,3,2,3,3,0,1,4,3,1,1,4,1,4,1,1],