{"gradients/graph_1out_layer.weight":{"values":[12,44,63,55,55,50,60,53,57,75,90,102,104,80,106,107,153,138,139,141,260,310,443,456,650,651,672,754,949,1602,2847,29927,13053,2847,1602,949,754,672,651,650,456,443,310,260,141,139,138,153,107,106,80,104,102,90,75,57,53,60,50,55,55,63,44,12],"bins":[-0.014829332008957863,-0.014365915209054947,-0.013902498409152031,-0.013439081609249115,-0.012975664809346199,-0.012512248009443283,-0.012048832140862942,-0.011585415340960026,-0.01112199854105711,-0.010658581741154194,-0.010195164941251278,-0.009731749072670937,-0.00926833227276802,-0.008804915472865105,-0.008341498672962189,-0.007878081873059273,-0.007414665073156357,-0.006951248273253441,-0.006487831473350525,-0.006024414673447609,-0.005560997873544693,-0.005097582004964352,-0.004634165205061436,-0.00417074840515852,-0.003707331605255604,-0.003243914805352688,-0.002780498005449772,-0.002317081205546856,-0.0018536653369665146,-0.0013902485370635986,-0.0009268317371606827,-0.0004634149372577667,1.862645149230957e-09,0.0004634186625480652,0.0009268354624509811,0.001390252262353897,0.001853669062256813,0.0023170849308371544,0.0027805017307400703,0.0032439185306429863,0.0037073353305459023,0.004170752130448818,0.004634168930351734,0.00509758573025465,0.0055610015988349915,0.006024418398737907,0.006487835198640823,0.006951251998543739,0.007414668798446655,0.007878085598349571,0.008341502398252487,0.008804919198155403,0.009268335998058319,0.009731752797961235,0.010195168666541576,0.010658585466444492,0.011122002266347408,0.011585419066250324,0.01204883586615324,0.012512251734733582,0.012975668534636497,0.013439085334539413,0.01390250213444233,0.014365918934345245,0.014829335734248161],"_type":"histogram"},"parameters/graph_1conv_relu_pool_stack.3.weight":{"bins":[-0.15985527634620667,-0.14983180165290833,-0.13980832695960999,-0.12978485226631165,-0.11976137012243271,-0.10973789542913437,-0.09971441328525543,-0.08969093859195709,-0.07966746389865875,-0.06964398920536041,-0.05962051451206207,-0.049597032368183136,-0.039573557674884796,-0.02955007553100586,-0.01952660083770752,-0.00950312614440918,0.0005203485488891602,0.0105438232421875,0.02056729793548584,0.03059077262878418,0.04061424732208252,0.05063773691654205,0.06066121160984039,0.07068468630313873,0.08070816099643707,0.0907316505908966,0.10075512528419495,0.11077859997749329,0.12080207467079163,0.13082554936408997,0.1408490240573883,0.15087249875068665,0.16089600324630737,0.1709194779396057,0.18094295263290405,0.1909664273262024,0.20098990201950073,0.21101337671279907,0.2210368514060974,0.23106032609939575,0.24108381569385529,0.25110727548599243,0.26113075017929077,0.2711542248725891,0.28117772936820984,0.2912012040615082,0.3012246787548065,0.31124815344810486,0.3212716281414032,0.33129510283470154,0.3413185775279999,0.3513420522212982,0.36136552691459656,0.3713890016078949,0.3814125061035156,0.39143598079681396,0.4014594554901123,0.41148293018341064,0.421506404876709,0.4315298795700073,0.44155335426330566,0.451576828956604,0.46160030364990234,0.4716237783432007,0.481647253036499],"_type":"histogram","values":[2,2,5,5,7,11,24,28,42,35,61,53,62,53,60,49,47,68,50,56,45,56,56,38,27,24,21,21,15,6,17,13,13,9,5,6,5,8,3,5,7,2,1,5,3,2,0,4,3,1,5,1,1,1,1,1,0,0,0,0,0,0,0,1]},"_step":9,"gradients/graph_1conv_relu_pool_stack.3.weight":{"values":[4,1,1,2,1,0,1,1,1,1,0,0,2,4,2,1,3,0,1,1,0,1,1,3,3,3,5,5,9,10,10,15,24,18,80,653,85,22,20,16,13,8,0,5,8,14,16,12,11,12,10,5,2,1,3,2,1,7,3,2,2,3,0,2],"bins":[-0.08676978200674057,-0.0843290165066719,-0.08188825100660324,-0.07944749295711517,-0.07700672745704651,-0.07456596195697784,-0.07212519645690918,-0.06968443095684052,-0.06724366545677185,-0.06480290740728378,-0.06236214190721512,-0.059921376407146454,-0.05748061090707779,-0.05503984913229942,-0.05259908363223076,-0.05015832185745239,-0.04771755635738373,-0.045276790857315063,-0.0428360290825367,-0.04039526358246803,-0.03795450180768967,-0.035513736307621,-0.03307297080755234,-0.03063220903277397,-0.028191443532705307,-0.025750678032636642,-0.023309916257858276,-0.020869150757789612,-0.018428385257720947,-0.015987619757652283,-0.013546861708164215,-0.01110609620809555,-0.008665338158607483,-0.006224572658538818,-0.003783807158470154,-0.0013430491089820862,0.0010977163910865784,0.003538481891155243,0.0059792473912239075,0.008420009166002274,0.010860774666070938,0.013301540166139603,0.01574230194091797,0.018183067440986633,0.020623832941055298,0.023064594715833664,0.02550536021590233,0.027946121990680695,0.03038688749074936,0.032827652990818024,0.03526841476559639,0.037709180265665054,0.04014994204044342,0.042590707540512085,0.04503147304058075,0.047472238540649414,0.04991300031542778,0.052353762090206146,0.05479452759027481,0.057235293090343475,0.05967605859041214,0.062116820365190506,0.06455758213996887,0.06699834764003754,0.0694391131401062],"_type":"histogram"},"gradients/graph_1conv_relu_pool_stack.0.weight":{"_type":"histogram","values":[3,0,1,2,0,1,5,0,0,0,2,1,0,1,1,1,0,0,0,0,0,0,0,0,0,1,3,1,3,1,0,0,3,6,6,8,10,5,4,4,6,29,0,0,0,0,3,6,0,0,0,0,0,0,3,2,10,1,5,1,3,0,1,1],"bins":[-0.12058901786804199,-0.1176644116640091,-0.1147398129105568,-0.1118152067065239,-0.1088906079530716,-0.1059660017490387,-0.1030413955450058,-0.1001167967915535,-0.0971921980381012,-0.0942675918340683,-0.0913429856300354,-0.0884183868765831,-0.0854937806725502,-0.0825691819190979,-0.079644575715065,-0.0767199695110321,-0.0737953707575798,-0.0708707720041275,-0.0679461658000946,-0.0650215595960617,-0.062096960842609406,-0.05917235463857651,-0.05624775588512421,-0.05332314968109131,-0.05039854347705841,-0.04747394472360611,-0.04454933851957321,-0.04162473976612091,-0.03870013356208801,-0.03577553480863571,-0.032850928604602814,-0.029926329851150513,-0.02700173109769821,-0.024077124893665314,-0.021152526140213013,-0.018227919936180115,-0.015303321182727814,-0.012378714978694916,-0.009454116225242615,-0.006529510021209717,-0.0036049112677574158,-0.0006803050637245178,0.00224430114030838,0.005168899893760681,0.008093506097793579,0.011018108576536179,0.013942711055278778,0.016867313534021378,0.019791916012763977,0.022716518491506577,0.025641120970249176,0.028565723448991776,0.031490325927734375,0.03441493213176727,0.03733953461050987,0.04026413708925247,0.04318873956799507,0.04611334204673767,0.04903794452548027,0.05196254700422287,0.05488715320825577,0.05781175196170807,0.06073635816574097,0.06366095691919327,0.06658556312322617]},"train_accuracy":96.15221088435374,"val_loss":0.09531977647719414,"gradients/graph_1conv_relu_pool_stack.3.bias":{"_type":"histogram","values":[1,0,0,0,0,0,0,0,0,0,0,0,0,0,0,0,0,0,0,0,0,0,0,0,0,0,0,0,0,0,0,0,1,0,0,0,0,1,0,0,0,0,1,0,0,0,0,0,1,0,0,0,0,1,0,0,0,0,0,0,0,1,0,1],