{"_runtime":834.7681541,"gradients/graph_8out_layer.bias":{"values":[1,0,0,0,0,0,0,0,0,0,0,0,0,0,0,0,0,0,0,0,0,0,0,0,0,0,0,0,0,0,0,0,0,0,0,0,0,0,0,0,0,0,0,0,0,0,0,0,0,0,0,0,0,0,0,0,0,0,0,0,0,0,0,1],"bins":[-0.013003265485167503,-0.012596913613379002,-0.0121905617415905,-0.011784208938479424,-0.011377857066690922,-0.01097150519490242,-0.010565153323113918,-0.010158801451325417,-0.00975244864821434,-0.009346096776425838,-0.008939744904637337,-0.008533393032848835,-0.008127041161060333,-0.007720688823610544,-0.0073143369518220425,-0.006907984614372253,-0.006501632742583752,-0.00609528087079525,-0.005688928533345461,-0.005282576661556959,-0.00487622432410717,-0.004469872452318668,-0.004063520580530167,-0.003657168708741665,-0.003250816836953163,-0.002844464033842087,-0.002438112162053585,-0.0020317602902650833,-0.0016254084184765816,-0.0012190565466880798,-0.0008127037435770035,-0.00040635187178850174,9.313225746154785e-10,0.00040635280311107635,0.0008127046748995781,0.0012190574780106544,0.0016254093497991562,0.002031761221587658,0.0024381130933761597,0.0028444649651646614,0.0032508177682757378,0.0036571696400642395,0.004063521511852741,0.004469873383641243,0.004876225255429745,0.005282577592879534,0.0056889294646680355,0.0060952818021178246,0.006501633673906326,0.006907985545694828,0.007314337883144617,0.007720689754933119,0.008127042092382908,0.00853339396417141,0.008939745835959911,0.009346097707748413,0.00975245051085949,0.010158802382647991,0.010565154254436493,0.010971506126224995,0.011377857998013496,0.011784210801124573,0.012190562672913074,0.012596914544701576,0.013003266416490078],"_type":"histogram"},"train_loss":0.09878134639197236,"train_class_accuracy_PNEUMONIA":96.73607409675519,"parameters/graph_8conv_relu_pool.3.weight":{"_type":"histogram","values":[1,0,1,0,0,0,2,1,0,2,6,4,8,6,6,14,22,18,35,56,92,139,162,157,191,186,192,176,199,183,193,201,181,186,194,165,176,174,168,195,169,145,162,143,115,69,32,11,13,10,7,6,8,3,4,5,3,3,2,2,2,1,0,1],"bins":[-0.23224252462387085,-0.22534552216529846,-0.21844851970672607,-0.2115515172481537,-0.2046544998884201,-0.19775749742984772,-0.19086049497127533,-0.18396349251270294,-0.17706649005413055,-0.17016947269439697,-0.16327247023582458,-0.1563754677772522,-0.1494784653186798,-0.14258146286010742,-0.13568446040153503,-0.12878745794296265,-0.12189044803380966,-0.11499344557523727,-0.10809643566608429,-0.1011994332075119,-0.09430243074893951,-0.08740542829036713,-0.08050842583179474,-0.07361140847206116,-0.06671440601348877,-0.05981740355491638,-0.052920401096343994,-0.046023398637771606,-0.03912639617919922,-0.03222937881946564,-0.02533237636089325,-0.018435373902320862,-0.011538371443748474,-0.004641368985176086,0.0022556334733963013,0.009152635931968689,0.01604965329170227,0.022946655750274658,0.029843658208847046,0.036740660667419434,0.04363766312599182,0.05053466558456421,0.05743168294429779,0.06432868540287018,0.07122568786144257,0.07812269032001495,0.08501969277858734,0.09191670268774033,0.09881370514631271,0.1057107076048851,0.11260771751403809,0.11950471997261047,0.12640172243118286,0.13329872488975525,0.14019572734832764,0.14709272980690002,0.1539897471666336,0.160886749625206,0.16778375208377838,0.17468075454235077,0.18157775700092316,0.18847477436065674,0.19537177681922913,0.2022687792778015,0.2091657817363739]},"val_class_accuracy_NORMAL":94.30379746835443,"_step":18,"parameters/graph_8out_layer.bias":{"bins":[-0.014187180437147617,-0.013736742548644543,-0.013286304660141468,-0.012835866771638393,-0.012385427951812744,-0.01193499006330967,-0.011484552174806595,-0.01103411428630352,-0.010583676397800446,-0.010133238509297371,-0.009682800620794296,-0.009232362732291222,-0.008781924843788147,-0.008331486955285072,-0.007881048135459423,-0.007430610246956348,-0.006980172358453274,-0.006529734469950199,-0.0060792965814471245,-0.00562885869294405,-0.005178420804440975,-0.004727981984615326,-0.004277544096112251,-0.0038271062076091766,-0.003376668319106102,-0.0029262304306030273,-0.0024757925420999527,-0.002025354653596878,-0.0015749158337712288,-0.0011244779452681541,-0.0006740400567650795,-0.00022360216826200485,0.00022683478891849518,0.0006772726774215698,0.0011277105659246445,0.0015781484544277191,0.0020285863429307938,0.002479025162756443,0.0029294630512595177,0.0033799009397625923,0.003830338828265667,0.004280776716768742,0.004731214605271816,0.005181652493774891,0.00563209131360054,0.006082529202103615,0.0065329670906066895,0.006983404979109764,0.007433842867612839,0.007884280756115913,0.008334718644618988,0.008785156533122063,0.009235594421625137,0.009686032310128212,0.010136471129953861,0.010586909018456936,0.01103734690696001,0.011487784795463085,0.01193822268396616,0.012388661503791809,0.012839099392294884,0.013289537280797958,0.013739975169301033,0.014190413057804108,0.014640850946307182],"_type":"histogram","values":[1,0,0,0,0,0,0,0,0,0,0,0,0,0,0,0,0,0,0,0,0,0,0,0,0,0,0,0,0,0,0,0,0,0,0,0,0,0,0,0,0,0,0,0,0,0,0,0,0,0,0,0,0,0,0,0,0,0,0,0,0,0,0,1]},"gradients/graph_8out_layer.weight":{"bins":[-0.013946512714028358,-0.013510684482753277,-0.01307485532015562,-0.012639027088880539,-0.012203198857605457,-0.011767370626330376,-0.01133154146373272,-0.010895713232457638,-0.010459885001182556,-0.0100240558385849,-0.009588227607309818,-0.009152399376034737,-0.00871657021343708,-0.008280741982161999,-0.007844913750886917,-0.007409085053950548,-0.006973256357014179,-0.00653742766007781,-0.006101598963141441,-0.00566577073186636,-0.005229942500591278,-0.004794113337993622,-0.00435828510671854,-0.0039224568754434586,-0.0034866277128458023,-0.0030507994815707207,-0.002614971250295639,-0.0021791430190205574,-0.0017433138564229012,-0.0013074856251478195,-0.0008716573938727379,-0.00043582823127508163,9.313225746154785e-10,0.00043582916259765625,0.0008716583251953125,0.0013074865564703941,0.0017433147877454758,0.002179143950343132,0.0026149721816182137,0.0030508004128932953,0.003486628644168377,0.003922457806766033,0.004358286038041115,0.0047941142693161964,0.005229943431913853,0.005665771663188934,0.006101599894464016,0.006537428591400385,0.006973257288336754,0.007409085985273123,0.007844913750886917,0.008280742913484573,0.008716571144759655,0.009152399376034737,0.009588228538632393,0.010024056769907475,0.010459885001182556,0.010895714163780212,0.011331542395055294,0.011767370626330376,0.012203199788928032,0.012639028020203114,0.013074856251478195,0.013510685414075851,0.013946513645350933],"_type":"histogram","values":[11,19,19,15,19,20,33,29,29,20,27,22,33,42,46,44,75,138,212,230,319,408,557,921,1390,2143,3200,4318,6614,9391,13165,35631,139495,13165,9391,6614,4318,3200,2143,1390,921,557,408,319,230,212,138,75,44,46,42,33,22,27,20,29,29,33,20,19,15,19,19,11]},"gradients/graph_8conv_relu_pool.0.bias":{"values":[1,0,0,0,0,0,2,0,0,0,0,0,1,0,0,1,0,1,0,0,0,0,0,1,2,1,1,0,1,0,0,0,1,0,1,0,0,0,0,1,0,0,0,0,0,0,0,0,0,0,0,0,0,0,0,0,0,0,0,0,0,0,0,1],