{"gradients/conv_relu_pool.0.bias":{"values":[1,0,0,0,0,0,0,0,0,0,0,0,0,0,0,0,0,0,0,0,0,0,0,0,0,0,0,0,0,0,0,0,3,2,4,0,0,2,0,1,1,0,0,0,1,0,0,0,0,0,0,0,0,0,0,0,0,0,0,0,0,0,0,1],"bins":[-0.29728320240974426,-0.28878509998321533,-0.280286967754364,-0.2717888653278351,-0.26329076290130615,-0.2547926604747772,-0.2462945431470871,-0.23779642581939697,-0.22929832339286804,-0.2208002209663391,-0.212302103638649,-0.20380398631095886,-0.19530588388442993,-0.186807781457901,-0.17830966413021088,-0.16981154680252075,-0.16131344437599182,-0.1528153419494629,-0.14431722462177277,-0.13581910729408264,-0.1273210048675537,-0.11882290244102478,-0.11032478511333466,-0.10182666778564453,-0.0933285653591156,-0.08483046293258667,-0.07633234560489655,-0.06783422827720642,-0.05933612585067749,-0.05083802342414856,-0.04233989119529724,-0.03384178876876831,-0.02534368634223938,-0.01684558391571045,-0.008347481489181519,0.0001506507396697998,0.00864875316619873,0.01714685559272766,0.025644972920417786,0.03414309024810791,0.04264119267463684,0.05113929510116577,0.059637412428855896,0.06813552975654602,0.07663363218307495,0.08513173460960388,0.093629851937294,0.10212796926498413,0.11062607169151306,0.11912417411804199,0.12762229144573212,0.13612040877342224,0.14461851119995117,0.1531166136264801,0.16161473095417023,0.17011284828186035,0.17861095070838928,0.1871090531349182,0.19560717046260834,0.20410528779029846,0.2126033902168274,0.22110149264335632,0.22959960997104645,0.23809772729873657,0.2465958297252655],"_type":"histogram"},"gradients/conv_relu_pool.0.weight":{"bins":[-0.04980936273932457,-0.047600824385881424,-0.04539228230714798,-0.043183743953704834,-0.04097520560026169,-0.03876666724681854,-0.0365581251680851,-0.03434958681464195,-0.03214104473590851,-0.029932506382465363,-0.027723968029022217,-0.025515427812933922,-0.023306887596845627,-0.02109834924340248,-0.018889809027314186,-0.01668126881122589,-0.014472730457782745,-0.0122641921043396,-0.010055650025606155,-0.00784711167216301,-0.005638573318719864,-0.0034300312399864197,-0.001221492886543274,0.0009870454668998718,0.003195587545633316,0.005404125899076462,0.0076126642525196075,0.009821202605962753,0.012029744684696198,0.014238286763429642,0.016446825116872787,0.018655363470315933,0.02086389809846878,0.023072436451911926,0.025280974805355072,0.027489513158798218,0.029698055237531662,0.031906597316265106,0.03411513566970825,0.0363236740231514,0.03853221237659454,0.04074075445532799,0.04294929280877113,0.04515783116221428,0.04736637324094772,0.04957491159439087,0.051783449947834015,0.05399199202656746,0.056200530380010605,0.05840906873345375,0.060617610812187195,0.06282614916563034,0.06503468751907349,0.06724322587251663,0.06945176422595978,0.07166031002998352,0.07386884838342667,0.07607738673686981,0.07828592509031296,0.0804944634437561,0.08270300179719925,0.0849115401506424,0.08712008595466614,0.08932862430810928,0.09153716266155243],"_type":"histogram","values":[3,2,1,0,0,1,1,4,6,6,0,8,8,3,4,5,5,6,3,3,8,3,19,3,4,5,2,4,0,0,0,0,4,2,0,3,0,0,0,0,1,0,0,1,1,0,1,0,1,0,0,1,1,1,1,2,1,2,1,0,0,1,1,1]},"parameters/conv_relu_pool.0.weight":{"_type":"histogram","values":[4,0,0,0,3,1,1,1,4,0,1,3,4,2,1,3,4,1,5,0,0,3,3,2,1,3,4,1,6,1,1,4,2,2,3,2,3,5,0,2,3,2,3,1,5,3,2,2,4,4,1,6,5,1,2,1,4,3,2,1,1,0,1,1],"bins":[-0.41079843044281006,-0.3989720344543457,-0.38714563846588135,-0.3753192126750946,-0.36349281668663025,-0.3516664206981659,-0.33983999490737915,-0.3280135989189148,-0.31618720293045044,-0.3043608069419861,-0.29253441095352173,-0.280707985162735,-0.26888158917427063,-0.2570551931858063,-0.24522878229618073,-0.23340237140655518,-0.22157597541809082,-0.20974957942962646,-0.19792316854000092,-0.18609675765037537,-0.174270361661911,-0.16244396567344666,-0.1506175398826599,-0.13879114389419556,-0.1269647479057312,-0.11513835191726685,-0.10331195592880249,-0.09148553013801575,-0.07965913414955139,-0.06783273816108704,-0.05600631237030029,-0.04417991638183594,-0.03235355019569397,-0.020527154207229614,-0.008700758218765259,0.0031256675720214844,0.01495206356048584,0.026778459548950195,0.03860488533973694,0.050431281328201294,0.06225767731666565,0.07408407330513,0.08591046929359436,0.0977368950843811,0.10956329107284546,0.12138968706130981,0.13321609795093536,0.1450425088405609,0.15686890482902527,0.16869530081748962,0.18052171170711517,0.19234812259674072,0.20417451858520508,0.21600091457366943,0.22782732546329498,0.23965373635292053,0.2514801323413849,0.26330652832984924,0.275132954120636,0.28695935010910034,0.2987857460975647,0.31061214208602905,0.3224385380744934,0.33426496386528015,0.3460913598537445]},"val_loss":0.15529416910813829,"_runtime":1165.5338298,"train_accuracy":99.12840136054422,"parameters/out_layer.bias":{"bins":[-0.01553639117628336,-0.015027575194835663,-0.01451876014471054,-0.014009944163262844,-0.013501128181815147,-0.01299231220036745,-0.012483496218919754,-0.011974681168794632,-0.011465865187346935,-0.010957049205899239,-0.010448234155774117,-0.00993941817432642,-0.009430602192878723,-0.008921786211431026,-0.00841297022998333,-0.007904155179858208,-0.007395339198410511,-0.006886523216962814,-0.006377707235515118,-0.005868892185389996,-0.005360076203942299,-0.004851260222494602,-0.00434244517236948,-0.0038336291909217834,-0.0033248132094740868,-0.00281599722802639,-0.0023071812465786934,-0.0017983661964535713,-0.0012895502150058746,-0.000780734233558178,-0.0002719191834330559,0.00023689772933721542,0.0007457137107849121,0.0012545287609100342,0.0017633456736803055,0.0022721607238054276,0.0027809767052531242,0.003289792686700821,0.003798607736825943,0.00430742371827364,0.004816239699721336,0.005325055681169033,0.00583387166261673,0.006342686712741852,0.0068515026941895485,0.007360318675637245,0.007869133725762367,0.008377949707210064,0.00888676568865776,0.009395581670105457,0.009904397651553154,0.010413212701678276,0.010922028683125973,0.01143084466457367,0.011939659714698792,0.012448475696146488,0.012957291677594185,0.013466107659041882,0.013974923640489578,0.0144837386906147,0.014992554672062397,0.015501370653510094,0.016010185703635216,0.016519002616405487,0.01702781766653061],"_type":"histogram","values":[1,0,0,0,0,0,0,0,0,0,0,0,0,0,0,0,0,0,0,0,0,0,0,0,0,0,0,0,0,0,0,0,0,0,0,0,0,0,0,0,0,0,0,0,0,0,0,0,0,0,0,0,0,0,0,0,0,0,0,0,0,0,0,1]},"parameters/out_layer.weight":{"_type":"histogram","values":[1,3,5,10,6,14,12,29,42,41,73,90,134,185,254,367,512,610,802,1087,1424,1725,2346,2779,3695,4892,6695,9074,13559,21031,36801,113437,185780,40532,22970,14469,9723,6972,5145,3878,2885,2425,1804,1440,1177,848,617,550,383,273,192,144,98,75,43,44,33,13,15,6,9,5,4,1],"bins":[-0.466980904340744,-0.45242536067962646,-0.4378698170185089,-0.42331427335739136,-0.4087587594985962,-0.39420318603515625,-0.3796476721763611,-0.36509212851524353,-0.350536584854126,-0.3359810411930084,-0.32142549753189087,-0.3068699836730957,-0.29231441020965576,-0.2777588963508606,-0.26320335268974304,-0.2486478090286255,-0.23409226536750793,-0.21953672170639038,-0.20498117804527283,-0.19042563438415527,-0.17587009072303772,-0.16131457686424255,-0.146759033203125,-0.13220348954200745,-0.11764794588088989,-0.10309240221977234,-0.08853685855865479,-0.07398131489753723,-0.059425801038742065,-0.04487025737762451,-0.030314713716506958,-0.015759170055389404,-0.0012035965919494629,0.01335194706916809,0.027907490730285645,0.0424630343914032,0.05701857805252075,0.07157409191131592,0.08612963557243347,0.10068517923355103,0.11524072289466858,0.12979626655578613,0.1443518102169037,0.15890735387802124,0.1734628677368164,0.18801841139793396,0.2025739550590515,0.21712949872016907,0.23168504238128662,0.24624058604240417,0.26079612970352173,0.2753516435623169,0.28990721702575684,0.304462730884552,0.31901827454566956,0.3335738182067871,0.34812936186790466,0.3626849055290222,0.37724044919013977,0.3917959928512573,0.4063515067100525,0.42090705037117004,0.4354625940322876,0.45001813769340515,0.4645736813545227]},"epoch":30,"train_loss":0.030488112080544486,