{"parameters/graph_5conv_relu_pool.3.weight":{"values":[3,2,3,8,3,13,17,17,26,36,59,74,77,94,105,105,103,124,135,104,127,138,103,125,145,127,103,115,119,123,127,129,118,129,130,119,114,136,121,102,135,111,118,104,118,105,81,90,52,39,25,22,16,11,6,7,0,4,1,2,1,0,1,1],"bins":[-0.1354607343673706,-0.1309746950864792,-0.12648867070674896,-0.12200263142585754,-0.11751659959554672,-0.1130305677652359,-0.10854453593492508,-0.10405850410461426,-0.09957246482372284,-0.09508644044399261,-0.0906004011631012,-0.08611436933279037,-0.08162833750247955,-0.07714229822158813,-0.07265626639127731,-0.06817023456096649,-0.06368420273065567,-0.05919817090034485,-0.05471213907003403,-0.05022609978914261,-0.04574006795883179,-0.041254036128520966,-0.036768004298210144,-0.03228197246789932,-0.0277959406375885,-0.023309901356697083,-0.01882386952638626,-0.01433783769607544,-0.009851798415184021,-0.005365774035453796,-0.0008797347545623779,0.0036062896251678467,0.008092328906059265,0.012578368186950684,0.017064392566680908,0.021550431847572327,0.02603645622730255,0.03052249550819397,0.03500852733850479,0.03949455916881561,0.04398059844970703,0.04846663028001785,0.052952662110328674,0.057438693940639496,0.06192472577095032,0.06641075760126114,0.07089679688215256,0.07538282871246338,0.0798688605427742,0.08435489237308502,0.08884092420339584,0.09332695603370667,0.09781299531459808,0.1022990271449089,0.10678505897521973,0.11127109825611115,0.11575712263584137,0.12024316191673279,0.12472919374704361,0.12921522557735443,0.13370126485824585,0.13818728923797607,0.1426733285188675,0.14715935289859772,0.15164539217948914],"_type":"histogram"},"gradients/graph_5out_layer.weight":{"_type":"histogram","values":[3,6,11,39,70,78,93,103,123,205,267,283,375,357,396,481,517,495,536,679,799,1008,1291,1634,1893,2151,2722,4208,6877,10929,16947,85488,65504,16947,10929,6877,4208,2722,2151,1893,1634,1291,1008,799,679,536,495,517,481,396,357,375,283,267,205,123,103,93,78,70,39,11,6,3],"bins":[-0.018986592069268227,-0.0183932613581419,-0.01779993064701557,-0.017206598073244095,-0.016613267362117767,-0.01601993665099144,-0.015426605939865112,-0.014833275228738785,-0.014239943586289883,-0.01364661194384098,-0.013053281232714653,-0.012459950521588326,-0.011866619810461998,-0.011273288168013096,-0.010679957456886768,-0.010086625814437866,-0.009493295103311539,-0.008899964392185211,-0.008306632749736309,-0.0077133020386099815,-0.007119970396161079,-0.006526639685034752,-0.005933308973908424,-0.005339977331459522,-0.004746646620333195,-0.004153315909206867,-0.003559984266757965,-0.0029666535556316376,-0.00237332284450531,-0.0017799921333789825,-0.0011866595596075058,-0.0005933288484811783,0,0.0005933307111263275,0.001186661422252655,0.0017799939960241318,0.0023733247071504593,0.002966655418276787,0.0035599861294031143,0.0041533177718520164,0.004746648482978344,0.0053399791941046715,0.005933310836553574,0.006526641547679901,0.007119972258806229,0.007713303901255131,0.008306634612381458,0.00889996625483036,0.009493296965956688,0.010086627677083015,0.010679959319531918,0.011273290030658245,0.011866621673107147,0.012459952384233475,0.013053283095359802,0.01364661380648613,0.014239945448935032,0.014833277091383934,0.015426607802510262,0.01601993851363659,0.016613269224762917,0.017206599935889244,0.01779993250966072,0.01839326322078705,0.018986593931913376]},"_runtime":1628.4649914,"gradients/graph_5conv_relu_pool.0.weight":{"bins":[-0.04903336986899376,-0.047396741807460785,-0.04576011747121811,-0.044123489409685135,-0.04248686507344246,-0.040850237011909485,-0.03921361267566681,-0.037576984614133835,-0.03594036027789116,-0.034303732216358185,-0.03266710788011551,-0.031030479818582535,-0.02939385361969471,-0.027757227420806885,-0.02612060122191906,-0.024483975023031235,-0.02284734882414341,-0.021210722625255585,-0.01957409642636776,-0.017937470227479935,-0.01630084216594696,-0.014664217829704285,-0.01302758976817131,-0.011390965431928635,-0.00975433737039566,-0.008117713034152985,-0.00648108497262001,-0.004844460636377335,-0.0032078325748443604,-0.0015712082386016846,6.541982293128967e-05,0.0017020441591739655,0.0033386722207069397,0.004975300282239914,0.00661192461848259,0.008248552680015564,0.00988517701625824,0.011521805077791214,0.01315842941403389,0.014795057475566864,0.01643168181180954,0.018068309873342514,0.01970493420958519,0.021341562271118164,0.02297818660736084,0.024614814668893814,0.02625144086778164,0.027888067066669464,0.02952469326555729,0.031161319464445114,0.03279794752597809,0.034434571862220764,0.03607119619846344,0.037707824259996414,0.03934445232152939,0.040981076657772064,0.04261770471930504,0.044254329055547714,0.04589095711708069,0.047527581453323364,0.04916420951485634,0.050800833851099014,0.05243746191263199,0.054074086248874664,0.05571071431040764],"_type":"histogram","values":[3,0,1,2,1,2,0,0,0,0,6,3,0,1,1,2,3,2,0,0,0,0,0,0,0,0,3,2,3,11,8,0,0,0,0,5,9,9,7,12,10,10,3,10,3,1,1,1,0,0,0,0,0,0,0,0,0,0,0,0,1,2,2,4]},"_wandb":{"runtime":1628},"parameters/graph_5out_layer.bias":{"_type":"histogram","values":[1,0,0,0,0,0,0,0,0,0,0,0,0,0,0,0,0,0,0,0,0,0,0,0,0,0,0,0,0,0,0,0,0,0,0,0,0,0,0,0,0,0,0,0,0,0,0,0,0,0,0,0,0,0,0,0,0,0,0,0,0,0,0,1],"bins":[-0.002994410926476121,-0.0029228513594716787,-0.00285129202529788,-0.002779732458293438,-0.0027081728912889957,-0.0026366133242845535,-0.0025650537572801113,-0.0024934944231063128,-0.0024219348561018705,-0.0023503752890974283,-0.0022788159549236298,-0.0022072563879191875,-0.0021356968209147453,-0.002064137253910303,-0.001992577686905861,-0.0019210183527320623,-0.0018494587857276201,-0.001777899218723178,-0.0017063397681340575,-0.0016347803175449371,-0.001563220750540495,-0.0014916611835360527,-0.0014201017329469323,-0.001348542282357812,-0.0012769827153533697,-0.0012054231483489275,-0.0011338636977598071,-0.0010623042471706867,-0.0009907446801662445,-0.0009191851131618023,-0.0008476257789880037,-0.0007760662119835615,-0.0007045066449791193,-0.0006329470779746771,-0.0005613875109702349,-0.0004898281767964363,-0.0004182686097919941,-0.0003467090427875519,-0.0002751495921984315,-0.0002035901416093111,-0.0001320305746048689,-6.0471007600426674e-05,1.1088442988693714e-05,8.26478935778141e-05,0.00015420746058225632,0.00022576702758669853,0.0002973264781758189,0.0003688859287649393,0.0004404454957693815,0.0005120050627738237,0.0005835645133629441,0.0006551240221597254,0.0007266835309565067,0.000798243039753288,0.0008698025485500693,0.0009413620573468506,0.001012921566143632,0.0010844811331480742,0.0011560405837371945,0.001227600034326315,0.0012991596013307571,0.0013707191683351994,0.0014422786189243197,0.0015138380695134401,0.0015853976365178823]},"train_loss":0.09395213434029193,"epoch":30,"gradients/graph_5out_layer.bias":{"values":[1,0,0,0,0,0,0,0,0,0,0,0,0,0,0,0,0,0,0,0,0,0,0,0,0,0,0,0,0,0,0,0,0,0,0,0,0,0,0,0,0,0,0,0,0,0,0,0,0,0,0,0,0,0,0,0,0,0,0,0,0,0,0,1],