{"gradients/graph_1out_layer.bias":{"values":[1,0,0,0,0,0,0,0,0,0,0,0,0,0,0,0,0,0,0,0,0,0,0,0,0,0,0,0,0,0,0,0,0,0,0,0,0,0,0,0,0,0,0,0,0,0,0,0,0,0,0,0,0,0,0,0,0,0,0,0,0,0,0,1],"bins":[-0.195383682847023,-0.18927794694900513,-0.18317219614982605,-0.17706646025180817,-0.17096072435379028,-0.1648549884557724,-0.15874925255775452,-0.15264350175857544,-0.14653776586055756,-0.14043202996253967,-0.1343262791633606,-0.1282205432653427,-0.12211480736732483,-0.11600907146930695,-0.10990332812070847,-0.10379758477210999,-0.0976918488740921,-0.09158611297607422,-0.08548036962747574,-0.07937462627887726,-0.07326889038085938,-0.06716315448284149,-0.061057403683662415,-0.05495166778564453,-0.04884593188762665,-0.042740195989608765,-0.03663446009159088,-0.030528709292411804,-0.02442297339439392,-0.018317237496376038,-0.01221148669719696,-0.006105750799179077,0,0.006105735898017883,0.012211471796035767,0.018317222595214844,0.024422958493232727,0.03052869439125061,0.03663444519042969,0.04274018108844757,0.048845916986465454,0.05495165288448334,0.06105738878250122,0.0671631395816803,0.07326887547969818,0.07937461137771606,0.08548035472631454,0.09158609807491302,0.09769183397293091,0.10379756987094879,0.10990331321954727,0.11600905656814575,0.12211479246616364,0.12822052836418152,0.1343262791633606,0.14043201506137848,0.14653775095939636,0.15264348685741425,0.15874922275543213,0.1648549735546112,0.1709607094526291,0.17706644535064697,0.18317219614982605,0.18927793204784393,0.19538366794586182],"_type":"histogram"},"val_class_accuracy_PNEUMONIA":93.0379746835443,"_timestamp":1.7307799058816202e+09,"train_accuracy":94.54976303317535,"_runtime":806.5290721,"train_class_accuracy_NORMAL":93.65622519250613,"parameters/graph_1out_layer.bias":{"_type":"histogram","values":[1,0,0,0,0,0,0,0,0,0,0,0,0,0,0,0,0,0,0,0,0,0,0,0,0,0,0,0,0,0,0,0,0,0,0,0,0,0,0,0,0,0,0,0,0,0,0,0,0,0,0,0,0,0,0,0,0,0,0,0,0,0,0,1],"bins":[-0.012713748030364513,-0.012315460480749607,-0.011917173862457275,-0.011518886312842369,-0.011120598763227463,-0.010722312144935131,-0.010324024595320225,-0.009925737977027893,-0.009527450427412987,-0.00912916287779808,-0.008730876259505749,-0.008332588709890842,-0.00793430209159851,-0.007536014541983604,-0.007137726992368698,-0.006739439908415079,-0.00634115282446146,-0.005942865740507841,-0.005544578656554222,-0.005146291106939316,-0.004748004488646984,-0.004349716939032078,-0.0039514293894171715,-0.0035531427711248398,-0.0031548552215099335,-0.002756567671895027,-0.0023582810536026955,-0.001959993503987789,-0.0015617059543728828,-0.0011634193360805511,-0.0007651317864656448,-0.00036684516817331314,3.1443312764167786e-05,0.0004297308623790741,0.0008280174806714058,0.001226305030286312,0.0016245916485786438,0.00202287919819355,0.0024211667478084564,0.002819453366100788,0.0032177409157156944,0.0036160284653306007,0.0040143150836229324,0.004412602633237839,0.004810890182852745,0.005209176801145077,0.005607464350759983,0.006005751434713602,0.006404038518667221,0.00680232560262084,0.007200612686574459,0.007598900236189365,0.007997186854481697,0.008395474404096603,0.00879376195371151,0.009192049503326416,0.009590336121618748,0.00998862273991108,0.010386910289525986,0.010785197839140892,0.011183485388755798,0.01158177200704813,0.011980059556663036,0.012378346174955368,0.012776633724570274]},"_wandb":{"runtime":806},"train_class_accuracy_PNEUMONIA":95.00785445176936,"gradients/graph_1conv_relu_pool.4.weight":{"_type":"histogram","values":[1,0,0,0,0,0,0,3,0,1,0,1,0,2,4,10,6,7,16,17,16,45,51,59,83,109,311,2601,380,175,86,82,82,76,65,52,47,25,35,22,18,14,14,19,15,9,5,3,9,1,3,0,1,5,2,3,0,4,3,3,3,2,1,1],"bins":[-0.21950748562812805,-0.2114555835723877,-0.20340368151664734,-0.19535179436206818,-0.18729989230632782,-0.17924799025058746,-0.1711961030960083,-0.16314420104026794,-0.1550922989845276,-0.14704039692878723,-0.13898849487304688,-0.1309366077184677,-0.12288470566272736,-0.114832803606987,-0.10678090900182724,-0.09872901439666748,-0.09067711234092712,-0.08262521028518677,-0.07457330822944641,-0.06652142107486725,-0.05846951901912689,-0.050417616963386536,-0.04236572980880737,-0.03431382775306702,-0.02626192569732666,-0.018210023641586304,-0.010158121585845947,-0.0021062344312667847,0.005945667624473572,0.013997569680213928,0.02204945683479309,0.030101358890533447,0.038153231143951416,0.04620513319969177,0.05425703525543213,0.06230892241001129,0.07036082446575165,0.078412726521492,0.08646461367607117,0.09451651573181152,0.10256841778755188,0.11062031984329224,0.11867222189903259,0.12672410905361176,0.1347760111093521,0.14282791316509247,0.15087980031967163,0.158931702375412,0.16698360443115234,0.1750355064868927,0.18308740854263306,0.19113929569721222,0.19919119775295258,0.20724309980869293,0.2152949869632721,0.22334688901901245,0.2313987910747528,0.23945069313049316,0.24750259518623352,0.2555544972419739,0.26360636949539185,0.2716582715511322,0.27971017360687256,0.2877620756626129,0.29581397771835327]},"val_loss":0.15859517643723306,"parameters/graph_1conv_relu_pool.0.weight":{"values":[3,3,4,3,4,1,1,4,1,4,5,2,4,4,1,4,4,5,2,2,1,5,5,2,1,1,1,3,1,3,1,1,2,0,0,3,1,2,2,2,1,3,4,2,6,5,3,1,0,2,0,2,1,3,2,3,2,3,0,1,0,0,1,1],"bins":[-0.3221087157726288,-0.3109278082847595,-0.29974690079689026,-0.288565993309021,-0.27738508582115173,-0.26620417833328247,-0.2550233006477356,-0.24384237825870514,-0.23266147077083588,-0.2214805632829666,-0.21029965579509735,-0.19911876320838928,-0.18793785572052002,-0.17675694823265076,-0.1655760407447815,-0.15439513325691223,-0.14321422576904297,-0.1320333182811737,-0.12085241079330444,-0.10967150330543518,-0.09849059581756592,-0.08730970323085785,-0.07612879574298859,-0.06494787335395813,-0.053766995668411255,-0.04258608818054199,-0.03140518069267273,-0.020224273204803467,-0.009043365716934204,0.0021375417709350586,0.013318449258804321,0.024499356746673584,0.03568023443222046,0.04686114192008972,0.058042049407958984,0.06922295689582825,0.08040386438369751,0.09158477187156677,0.10276567935943604,0.1139465868473053,0.12512749433517456,0.13630837202072144,0.1474892944097519,0.15867020189762115,0.16985109448432922,0.1810320019721985,0.19221290946006775,0.203393816947937,0.21457472443580627,0.22575563192367554,0.2369365394115448,0.24811744689941406,0.2592983543872833,0.2704792618751526,0.28166013956069946,0.2928410768508911,0.304021954536438,0.31520289182662964,0.3263837695121765,0.3375646770000458,0.34874558448791504,0.3599264919757843,0.37110739946365356,0.3822883069515228,0.3934692144393921],"_type":"histogram"},"val_accuracy":94.30379746835443,"parameters/graph_1conv_relu_pool.0.bias":{"_type":"histogram","values":[1,0,0,0,0,0,0,1,0,0,1,0,0,0,0,1,0,0,1,0,1,1,1,0,0,1,0,0,1,0,0,0,0,0,1,0,0,0,0,0,0,1,0,0,0,1,0,0,0,1,0,1,0,0,0,0,0,0,0,0,0,0,0,1],